{"v":"5.6.6","fr":24,"ip":0,"op":144,"w":3500,"h":3500,"nm":"Wavy_Gen-04_Single-09","ddd":0,"assets":[],"layers":[{"ddd":0,"ind":3,"ty":4,"nm":"l1","sr":1,"ks":{"o":{"a":0,"k":100,"ix":11},"r":{"a":1,"k":[{"i":{"x":[0.667],"y":[1]},"o":{"x":[0.333],"y":[0]},"t":-36,"s":[0]},{"i":{"x":[0.667],"y":[1]},"o":{"x":[0.333],"y":[0]},"t":36,"s":[-6]},{"i":{"x":[0.667],"y":[0.5]},"o":{"x":[0.167],"y":[0]},"t":108,"s":[0]},{"t":144,"s":[-3]}],"ix":10},"p":{"a":0,"k":[1647.256,2929.143,0],"ix":2},"a":{"a":0,"k":[1647.256,2929.144,0],"ix":1},"s":{"a":0,"k":[100,100,100],"ix":6}},"ao":0,"shapes":[{"ty":"gr","it":[{"ty":"gr","it":[{"ind":0,"ty":"sh","ix":1,"ks":{"a":0,"k":{"i":[[-1.819,0.907],[-68.22,32.281],[-54.046,49.83],[-64.257,50.104],[-52.24,60.567],[-6.117,15.721],[32.796,-14.929],[107.064,-117.333],[14.615,-79.748],[-0.192,-0.034]],"o":[[76.138,-198.779],[26.255,-12.423],[75.599,-69.702],[77.343,-60.306],[12.062,-13.984],[-45.544,2.071],[-126.279,57.483],[-143.017,156.734],[0.193,0.034],[1.849,-0.908]],"v":[[-347.717,342.105],[-119.108,32.958],[12.397,-47.868],[135.449,-208.212],[327.026,-299.713],[353.771,-344.826],[189.886,-288.894],[-152.906,-64.257],[-353.771,344.723],[-353.191,344.826]],"c":true},"ix":2},"nm":"Path 1","mn":"ADBE Vector Shape - Group","hd":false},{"ty":"fl","c":{"a":0,"k":[1,1,1,1],"ix":4},"o":{"a":0,"k":100,"ix":5},"r":1,"bm":0,"nm":"Fill 1","mn":"ADBE Vector Graphic - Fill","hd":false},{"ty":"tr","p":{"a":0,"k":[1982.438,2587.132],"ix":2},"a":{"a":0,"k":[0,0],"ix":1},"s":{"a":0,"k":[100,100],"ix":3},"r":{"a":0,"k":0,"ix":6},"o":{"a":0,"k":26,"ix":7},"sk":{"a":0,"k":0,"ix":4},"sa":{"a":0,"k":0,"ix":5},"nm":"Transform"}],"nm":"Group 1","np":2,"cix":2,"bm":9,"ix":1,"mn":"ADBE Vector Group","hd":false},{"ty":"gr","it":[{"ind":0,"ty":"sh","ix":1,"ks":{"a":0,"k":{"i":[[-0.223,0.109],[0.193,0.034],[0.025,-0.139]],"o":[[-0.192,-0.034],[-0.025,0.139],[0.224,-0.109]],"v":[[0.33,-0.113],[-0.25,-0.216],[-0.33,0.216]],"c":true},"ix":2},"nm":"Path 1","mn":"ADBE Vector Shape - Group","hd":false},{"ty":"gf","o":{"a":0,"k":100,"ix":10},"r":1,"bm":0,"g":{"p":3,"k":{"a":0,"k":[0,0.667,0.502,0.976,0.498,0.524,0.449,0.91,0.996,0.38,0.396,0.843],"ix":9}},"s":{"a":0,"k":[1701.707,-404.546],"ix":5},"e":{"a":0,"k":[1057.353,0.216],"ix":6},"t":1,"nm":"Gradient Fill 1","mn":"ADBE Vector Graphic - G-Fill","hd":false},{"ty":"tr","p":{"a":0,"k":[1628.917,2932.071],"ix":2},"a":{"a":0,"k":[0,0],"ix":1},"s":{"a":0,"k":[100,100],"ix":3},"r":{"a":0,"k":0,"ix":6},"o":{"a":0,"k":100,"ix":7},"sk":{"a":0,"k":0,"ix":4},"sa":{"a":0,"k":0,"ix":5},"nm":"Transform"}],"nm":"Group 2","np":2,"cix":2,"bm":0,"ix":2,"mn":"ADBE Vector Group","hd":false},{"ty":"gr","it":[{"ind":0,"ty":"sh","ix":1,"ks":{"a":0,"k":{"i":[[30.876,-19.124],[89.231,-27.513],[61.734,-38.937],[79.029,-10.332],[31.446,-10.519],[45.121,-32.519],[130.971,8.194],[74.624,11.984],[6.89,0.491],[-2.801,-1.017],[-58.674,-1.095],[-96.224,-2.244],[-30.194,5.411],[-116.488,38.744],[-66.09,30.348],[-25.809,24.35],[11.884,-3.119],[52.324,1.374],[1.922,13],[-16.77,5.415],[-95.328,32.125],[-23.822,64.324],[5.139,21.982]],"o":[[-52.806,32.707],[-186.778,57.59],[-74.274,46.846],[-34.548,4.517],[-60.349,20.188],[-25.141,18.12],[-51.808,-3.241],[-6.682,-0.366],[2.382,0.878],[109.107,33.025],[29.493,0.55],[132.698,3.094],[92.462,-16.57],[84.899,-28.237],[43.681,-20.058],[-19.208,-19.759],[-62.202,16.326],[-24.036,-0.631],[-3.345,-22.618],[114.47,-36.963],[52.434,-17.669],[7.831,-21.144],[-21.867,20.13]],"v":[[561.938,-176.335],[374.207,-101.691],[125.556,-32.084],[-50.425,78.494],[-127.355,85.321],[-243.262,185.225],[-432.094,206.414],[-622.998,185.065],[-643.325,183.797],[-635.576,186.631],[-386.517,230.117],[-213.992,231.808],[-50.376,233.682],[159.982,137.601],[329.483,94.265],[433.164,23.779],[325.74,27.157],[191.686,68.511],[130.496,48.276],[242.896,-11.716],[484.316,-58.892],[635.074,-165.992],[640.779,-236.293]],"c":true},"ix":2},"nm":"Path 1","mn":"ADBE Vector Shape - Group","hd":false},{"ty":"fl","c":{"a":0,"k":[1,1,1,1],"ix":4},"o":{"a":0,"k":100,"ix":5},"r":1,"bm":0,"nm":"Fill 1","mn":"ADBE Vector Graphic - Fill","hd":false},{"ty":"tr","p":{"a":0,"k":[2280.362,2751.626],"ix":2},"a":{"a":0,"k":[0,0],"ix":1},"s":{"a":0,"k":[100,100],"ix":3},"r":{"a":0,"k":0,"ix":6},"o":{"a":0,"k":26,"ix":7},"sk":{"a":0,"k":0,"ix":4},"sa":{"a":0,"k":0,"ix":5},"nm":"Transform"}],"nm":"Group 3","np":2,"cix":2,"bm":9,"ix":3,"mn":"ADBE Vector Group","hd":false},{"ty":"gr","it":[{"ind":0,"ty":"sh","ix":1,"ks":{"a":0,"k":{"i":[[1.376,0.241],[0.224,-0.109],[-1.552,-0.577],[-0.155,0.407]],"o":[[-0.223,0.109],[1.316,0.492],[0.155,-0.409],[-1.37,-0.236]],"v":[[-1.744,-0.973],[-2.405,-0.645],[1.94,0.973],[2.405,-0.239]],"c":true},"ix":2},"nm":"Path 1","mn":"ADBE Vector Shape - Group","hd":false},{"ty":"gf","o":{"a":0,"k":100,"ix":10},"r":1,"bm":0,"g":{"p":3,"k":{"a":0,"k":[0,0.667,0.502,0.976,0.498,0.524,0.449,0.91,0.996,0.38,0.396,0.843],"ix":9}},"s":{"a":0,"k":[1700.629,-404.649],"ix":5},"e":{"a":0,"k":[1056.149,0.192],"ix":6},"t":1,"nm":"Gradient Fill 1","mn":"ADBE Vector Graphic - G-Fill","hd":false},{"ty":"tr","p":{"a":0,"k":[1630.992,2932.931],"ix":2},"a":{"a":0,"k":[0,0],"ix":1},"s":{"a":0,"k":[100,100],"ix":3},"r":{"a":0,"k":0,"ix":6},"o":{"a":0,"k":100,"ix":7},"sk":{"a":0,"k":0,"ix":4},"sa":{"a":0,"k":0,"ix":5},"nm":"Transform"}],"nm":"Group 4","np":2,"cix":2,"bm":0,"ix":4,"mn":"ADBE Vector Group","hd":false},{"ty":"gr","it":[{"ind":0,"ty":"sh","ix":1,"ks":{"a":0,"k":{"i":[[-0.441,1.153],[1.849,-0.908],[-1.37,-0.236]],"o":[[-1.819,0.907],[1.376,0.241],[0.441,-1.161]],"v":[[2.737,-1.728],[-2.737,0.993],[1.412,1.728]],"c":true},"ix":2},"nm":"Path 1","mn":"ADBE Vector Shape - Group","hd":false},{"ty":"gf","o":{"a":0,"k":100,"ix":10},"r":1,"bm":0,"g":{"p":3,"k":{"a":0,"k":[0,0.667,0.502,0.976,0.498,0.524,0.449,0.91,0.996,0.38,0.396,0.843],"ix":9}},"s":{"a":0,"k":[1699.223,-402.953],"ix":5},"e":{"a":0,"k":[1054.74,1.89],"ix":6},"t":1,"nm":"Gradient Fill 1","mn":"ADBE Vector Graphic - G-Fill","hd":false},{"ty":"tr","p":{"a":0,"k":[1631.984,2930.965],"ix":2},"a":{"a":0,"k":[0,0],"ix":1},"s":{"a":0,"k":[100,100],"ix":3},"r":{"a":0,"k":0,"ix":6},"o":{"a":0,"k":100,"ix":7},"sk":{"a":0,"k":0,"ix":4},"sa":{"a":0,"k":0,"ix":5},"nm":"Transform"}],"nm":"Group 5","np":2,"cix":2,"bm":0,"ix":5,"mn":"ADBE Vector Group","hd":false},{"ty":"gr","it":[{"ind":0,"ty":"sh","ix":1,"ks":{"a":0,"k":{"i":[[0.155,-0.409],[-1.447,-0.533],[-6.682,-0.366],[8.099,1.4]],"o":[[1.288,0.478],[6.889,0.491],[-7.875,-1.265],[-0.155,0.407]],"v":[[-12.216,-0.787],[-8.111,0.731],[12.216,1.999],[-11.752,-1.999]],"c":true},"ix":2},"nm":"Path 1","mn":"ADBE Vector Shape - Group","hd":false},{"ty":"gf","o":{"a":0,"k":100,"ix":10},"r":1,"bm":0,"g":{"p":3,"k":{"a":0,"k":[0,0.667,0.502,0.976,0.498,0.524,0.449,0.91,0.996,0.38,0.396,0.843],"ix":9}},"s":{"a":0,"k":[1692.486,-401.133],"ix":5},"e":{"a":0,"k":[1048.015,3.702],"ix":6},"t":1,"nm":"Gradient Fill 1","mn":"ADBE Vector Graphic - G-Fill","hd":false},{"ty":"tr","p":{"a":0,"k":[1645.148,2934.692],"ix":2},"a":{"a":0,"k":[0,0],"ix":1},"s":{"a":0,"k":[100,100],"ix":3},"r":{"a":0,"k":0,"ix":6},"o":{"a":0,"k":100,"ix":7},"sk":{"a":0,"k":0,"ix":4},"sa":{"a":0,"k":0,"ix":5},"nm":"Transform"}],"nm":"Group 6","np":2,"cix":2,"bm":0,"ix":6,"mn":"ADBE Vector Group","hd":false},{"ty":"gr","it":[{"ind":0,"ty":"sh","ix":1,"ks":{"a":0,"k":{"i":[[68.928,-47.398],[40.455,-51.208],[145.29,-84.972],[214.129,-106.741],[0.441,-1.161],[-7.875,-1.265],[-58.074,60.83],[-106.111,57.558],[-86.874,50.397],[-105.448,49.507],[-58.591,32.634],[-24.021,37.879],[33.471,-7.474],[135.84,-96.463],[24.689,17.453],[0.089,1.212],[-81.684,47.429],[-30.26,37.548],[9.864,21.182],[14.457,3.519],[16.671,-16.08]],"o":[[-60.653,41.707],[-72.233,91.434],[-209.988,122.811],[-0.441,1.153],[8.099,1.4],[221.511,12.144],[44.383,-46.489],[86.307,-46.816],[108.183,-62.759],[75.988,-35.676],[43.919,-24.461],[-28.648,-11.828],[-42.698,9.534],[-98.358,69.846],[-9.223,-6.52],[-2.127,-29.091],[90.835,-52.743],[18.918,-23.474],[-4.47,-9.6],[-10.508,25.105],[-48.103,46.399]],"v":[[190.174,-245.846],[77.588,-111.932],[-199.988,55.264],[-629.589,380.608],[-630.914,384.063],[-606.946,388.062],[-218.877,283.717],[-29.614,105.233],[164.438,32.032],[372.847,-133.216],[530.667,-183.651],[630.914,-281.321],[512.984,-278.576],[294.78,-155.019],[116.838,-58.083],[106.442,-78.214],[232.514,-175.175],[390.358,-294.926],[424.195,-370.333],[394.292,-389.741],[353.1,-328.368]],"c":true},"ix":2},"nm":"Path 1","mn":"ADBE Vector Shape - Group","hd":false},{"ty":"fl","c":{"a":0,"k":[1,1,1,1],"ix":4},"o":{"a":0,"k":100,"ix":5},"r":1,"bm":0,"nm":"Fill 1","mn":"ADBE Vector Graphic - Fill","hd":false},{"ty":"tr","p":{"a":0,"k":[2264.311,2548.629],"ix":2},"a":{"a":0,"k":[0,0],"ix":1},"s":{"a":0,"k":[100,100],"ix":3},"r":{"a":0,"k":0,"ix":6},"o":{"a":0,"k":26,"ix":7},"sk":{"a":0,"k":0,"ix":4},"sa":{"a":0,"k":0,"ix":5},"nm":"Transform"}],"nm":"Group 7","np":2,"cix":2,"bm":9,"ix":7,"mn":"ADBE Vector Group","hd":false},{"ty":"gr","it":[{"ind":0,"ty":"sh","ix":1,"ks":{"a":0,"k":{"i":[[0.654,0.048],[-3.217,-0.974],[2.382,0.878]],"o":[[3.265,1.015],[-2.801,-1.017],[-0.652,-0.046]],"v":[[-4.863,-1.493],[4.863,1.493],[-2.887,-1.342]],"c":true},"ix":2},"nm":"Path 1","mn":"ADBE Vector Shape - Group","hd":false},{"ty":"gf","o":{"a":0,"k":100,"ix":10},"r":1,"bm":0,"g":{"p":3,"k":{"a":0,"k":[0,0.667,0.502,0.976,0.498,0.524,0.449,0.91,0.996,0.38,0.396,0.843],"ix":9}},"s":{"a":0,"k":[1697.288,-403.189],"ix":5},"e":{"a":0,"k":[1052.817,1.646],"ix":6},"t":1,"nm":"Gradient Fill 1","mn":"ADBE Vector Graphic - G-Fill","hd":false},{"ty":"tr","p":{"a":0,"k":[1639.924,2936.765],"ix":2},"a":{"a":0,"k":[0,0],"ix":1},"s":{"a":0,"k":[100,100],"ix":3},"r":{"a":0,"k":0,"ix":6},"o":{"a":0,"k":100,"ix":7},"sk":{"a":0,"k":0,"ix":4},"sa":{"a":0,"k":0,"ix":5},"nm":"Transform"}],"nm":"Group 8","np":2,"cix":2,"bm":0,"ix":8,"mn":"ADBE Vector Group","hd":false},{"ty":"gr","it":[{"ind":0,"ty":"sh","ix":1,"ks":{"a":0,"k":{"i":[[-0.079,0.208],[1.316,0.492],[0.406,-0.199],[-1.775,-0.555]],"o":[[-1.552,-0.577],[-0.407,0.199],[1.789,0.567],[0.079,-0.209]],"v":[[2.778,0.495],[-1.567,-1.123],[-2.778,-0.538],[2.541,1.123]],"c":true},"ix":2},"nm":"Path 1","mn":"ADBE Vector Shape - Group","hd":false},{"ty":"gf","o":{"a":0,"k":100,"ix":10},"r":1,"bm":0,"g":{"p":3,"k":{"a":0,"k":[0,0.667,0.502,0.976,0.498,0.524,0.449,0.91,0.996,0.38,0.396,0.843],"ix":9}},"s":{"a":0,"k":[1701.552,-404.929],"ix":5},"e":{"a":0,"k":[1057.073,-0.089],"ix":6},"t":1,"nm":"Gradient Fill 1","mn":"ADBE Vector Graphic - G-Fill","hd":false},{"ty":"tr","p":{"a":0,"k":[1630.154,2933.409],"ix":2},"a":{"a":0,"k":[0,0],"ix":1},"s":{"a":0,"k":[100,100],"ix":3},"r":{"a":0,"k":0,"ix":6},"o":{"a":0,"k":100,"ix":7},"sk":{"a":0,"k":0,"ix":4},"sa":{"a":0,"k":0,"ix":5},"nm":"Transform"}],"nm":"Group 9","np":2,"cix":2,"bm":0,"ix":9,"mn":"ADBE Vector Group","hd":false},{"ty":"gr","it":[{"ind":0,"ty":"sh","ix":1,"ks":{"a":0,"k":{"i":[[-0.025,0.139],[3.304,0.595],[-2.825,-0.896],[-0.407,0.199]],"o":[[-3.269,-0.572],[2.861,0.928],[0.406,-0.199],[0.025,-0.139]],"v":[[4.924,0.364],[-4.924,-1.38],[3.632,1.38],[4.843,0.795]],"c":true},"ix":2},"nm":"Path 1","mn":"ADBE Vector Shape - Group","hd":false},{"ty":"gf","o":{"a":0,"k":100,"ix":10},"r":1,"bm":0,"g":{"p":3,"k":{"a":0,"k":[0,0.667,0.502,0.976,0.498,0.524,0.449,0.91,0.996,0.38,0.396,0.843],"ix":9}},"s":{"a":0,"k":[1705.117,-405.224],"ix":5},"e":{"a":0,"k":[1060.658,-0.396],"ix":6},"t":1,"nm":"Gradient Fill 1","mn":"ADBE Vector Graphic - G-Fill","hd":false},{"ty":"tr","p":{"a":0,"k":[1623.744,2931.491],"ix":2},"a":{"a":0,"k":[0,0],"ix":1},"s":{"a":0,"k":[100,100],"ix":3},"r":{"a":0,"k":0,"ix":6},"o":{"a":0,"k":100,"ix":7},"sk":{"a":0,"k":0,"ix":4},"sa":{"a":0,"k":0,"ix":5},"nm":"Transform"}],"nm":"Group 10","np":2,"cix":2,"bm":0,"ix":10,"mn":"ADBE Vector Group","hd":false},{"ty":"gr","it":[{"ind":0,"ty":"sh","ix":1,"ks":{"a":0,"k":{"i":[[0.068,-0.179],[-0.851,-0.062],[0.79,0.247]],"o":[[0.854,0.064],[-0.787,-0.244],[-0.068,0.179]],"v":[[-1.285,0.173],[1.285,0.37],[-1.082,-0.37]],"c":true},"ix":2},"nm":"Path 1","mn":"ADBE Vector Shape - Group","hd":false},{"ty":"gf","o":{"a":0,"k":100,"ix":10},"r":1,"bm":0,"g":{"p":3,"k":{"a":0,"k":[0,0.667,0.502,0.976,0.498,0.524,0.449,0.91,0.996,0.38,0.396,0.843],"ix":9}},"s":{"a":0,"k":[1700.609,-403.598],"ix":5},"e":{"a":0,"k":[1056.174,1.215],"ix":6},"t":1,"nm":"Gradient Fill 1","mn":"ADBE Vector Graphic - G-Fill","hd":false},{"ty":"tr","p":{"a":0,"k":[1633.777,2934.902],"ix":2},"a":{"a":0,"k":[0,0],"ix":1},"s":{"a":0,"k":[100,100],"ix":3},"r":{"a":0,"k":0,"ix":6},"o":{"a":0,"k":100,"ix":7},"sk":{"a":0,"k":0,"ix":4},"sa":{"a":0,"k":0,"ix":5},"nm":"Transform"}],"nm":"Group 11","np":2,"cix":2,"bm":0,"ix":11,"mn":"ADBE Vector Group","hd":false},{"ty":"gr","it":[{"ind":0,"ty":"sh","ix":1,"ks":{"a":0,"k":{"i":[[1.288,0.478],[0.079,-0.209],[-0.787,-0.244],[-0.652,-0.046]],"o":[[-0.079,0.208],[0.79,0.247],[0.654,0.048],[-1.447,-0.533]],"v":[[-1.934,-0.759],[-2.171,-0.131],[0.195,0.608],[2.171,0.759]],"c":true},"ix":2},"nm":"Path 1","mn":"ADBE Vector Shape - Group","hd":false},{"ty":"gf","o":{"a":0,"k":100,"ix":10},"r":1,"bm":0,"g":{"p":3,"k":{"a":0,"k":[0,0.667,0.502,0.976,0.498,0.524,0.449,0.91,0.996,0.38,0.396,0.843],"ix":9}},"s":{"a":0,"k":[1699.494,-403.608],"ix":5},"e":{"a":0,"k":[1054.992,1.247],"ix":6},"t":1,"nm":"Gradient Fill 1","mn":"ADBE Vector Graphic - G-Fill","hd":false},{"ty":"tr","p":{"a":0,"k":[1634.866,2934.664],"ix":2},"a":{"a":0,"k":[0,0],"ix":1},"s":{"a":0,"k":[100,100],"ix":3},"r":{"a":0,"k":0,"ix":6},"o":{"a":0,"k":100,"ix":7},"sk":{"a":0,"k":0,"ix":4},"sa":{"a":0,"k":0,"ix":5},"nm":"Transform"}],"nm":"Group 12","np":2,"cix":2,"bm":0,"ix":12,"mn":"ADBE Vector Group","hd":false},{"ty":"gr","it":[{"ind":0,"ty":"sh","ix":1,"ks":{"a":0,"k":{"i":[[1.789,0.567],[1.083,-0.525],[-2.779,-0.208],[-0.068,0.179]],"o":[[-1.088,0.532],[2.813,0.229],[0.068,-0.179],[-1.775,-0.555]],"v":[[-1.038,-1.102],[-4.281,0.465],[4.078,1.102],[4.281,0.559]],"c":true},"ix":2},"nm":"Path 1","mn":"ADBE Vector Shape - Group","hd":false},{"ty":"gf","o":{"a":0,"k":100,"ix":10},"r":1,"bm":0,"g":{"p":3,"k":{"a":0,"k":[0,0.667,0.502,0.976,0.498,0.524,0.449,0.91,0.996,0.38,0.396,0.843],"ix":9}},"s":{"a":0,"k":[1703.374,-405.091],"ix":5},"e":{"a":0,"k":[1058.918,-0.266],"ix":6},"t":1,"nm":"Gradient Fill 1","mn":"ADBE Vector Graphic - G-Fill","hd":false},{"ty":"tr","p":{"a":0,"k":[1628.414,2933.973],"ix":2},"a":{"a":0,"k":[0,0],"ix":1},"s":{"a":0,"k":[100,100],"ix":3},"r":{"a":0,"k":0,"ix":6},"o":{"a":0,"k":100,"ix":7},"sk":{"a":0,"k":0,"ix":4},"sa":{"a":0,"k":0,"ix":5},"nm":"Transform"}],"nm":"Group 13","np":2,"cix":2,"bm":0,"ix":13,"mn":"ADBE Vector Group","hd":false},{"ty":"tr","p":{"a":0,"k":[1628.414,2933.973],"ix":2},"a":{"a":0,"k":[1628.414,2933.973],"ix":1},"s":{"a":0,"k":[100,100],"ix":3},"r":{"a":0,"k":0,"ix":6},"o":{"a":0,"k":100,"ix":7},"sk":{"a":0,"k":0,"ix":4},"sa":{"a":0,"k":0,"ix":5},"nm":"Transform"}],"nm":"l11","np":13,"cix":2,"bm":0,"ix":1,"mn":"ADBE Vector Group","hd":false},{"ty":"gr","it":[{"ind":0,"ty":"sh","ix":1,"ks":{"a":0,"k":{"i":[[65.741,24.585],[-143.267,157.008],[-126.279,57.483],[-20.933,-29.228],[1.93,-2.597],[43.636,-52.041],[-5.416,-6.087],[-34.966,26.271],[-64.571,65.952],[-49.101,14.573],[-12.837,-27.566],[18.918,-23.474],[90.835,-52.743],[-2.127,-29.092],[-9.223,-6.52],[-98.358,69.846],[-42.698,9.534],[-14.082,-28.882],[25.974,-24.015],[116.134,-36.148],[35.103,-44.041],[-7.818,-11.127],[-26.087,10.825],[-83.442,40.94],[-28.106,-21.084],[12.448,-33.613],[52.434,-17.669],[114.47,-36.963],[-3.345,-22.618],[-24.036,-0.631],[-62.202,16.326],[-14.685,-24.276],[47.111,-39.885],[150.628,-28.892]],"o":[[14.541,-79.562],[107.064,-117.333],[41.843,-19.047],[12.886,17.992],[-34.436,46.325],[-11.618,13.855],[7.645,8.592],[55.657,-41.816],[60.864,-62.167],[48.852,-14.499],[9.864,21.182],[-30.26,37.548],[-81.684,47.429],[0.089,1.212],[24.689,17.453],[135.84,-96.463],[42.165,-9.415],[15.155,31.081],[-36.829,34.051],[-29.915,9.311],[-3.667,4.601],[10.532,14.989],[86.55,-35.916],[65.824,-32.295],[25.319,18.993],[-23.822,64.324],[-95.328,32.125],[-16.77,5.415],[1.922,13],[52.324,1.374],[12.393,-3.253],[15.3,25.292],[-27.459,23.248],[-296.168,56.808]],"v":[[-647.553,331.143],[-446.607,-78.269],[-103.815,-302.905],[86.693,-350.868],[65.223,-285.939],[-54.951,-193.087],[-78.867,-148.068],[15.137,-197.614],[142.894,-328.131],[284.294,-436.251],[412.366,-422.847],[378.529,-347.44],[220.685,-227.689],[94.613,-130.728],[105.009,-110.598],[282.951,-207.534],[501.156,-331.09],[635.067,-320.478],[558.804,-204.876],[331.709,-66.137],[215.891,0.011],[197.837,43.598],[293.158,23.402],[483.469,-82.281],[626.718,-116.978],[639.297,-15.509],[488.539,91.591],[247.119,138.767],[134.719,198.759],[195.909,218.994],[329.963,177.64],[439.572,177.001],[345.156,310.287],[79.122,431.753]],"c":true},"ix":2},"nm":"Path 1","mn":"ADBE Vector Shape - Group","hd":false},{"ty":"gf","o":{"a":0,"k":100,"ix":10},"r":1,"bm":0,"g":{"p":5,"k":{"a":0,"k":[0,1,0.769,0.267,0.157,0.992,0.716,0.278,0.314,0.984,0.663,0.29,0.655,0.969,0.549,0.314,0.996,0.4627450980392157,0.03137254901960784,0.23921568627450981],"ix":9}},"s":{"a":0,"k":[1063.31,-120.56],"ix":5},"e":{"a":0,"k":[418.836,284.277],"ix":6},"t":1,"nm":"Gradient Fill 1","mn":"ADBE Vector Graphic - G-Fill","hd":false},{"ty":"tr","p":{"a":0,"k":[2276.139,2601.143],"ix":2},"a":{"a":0,"k":[0,0],"ix":1},"s":{"a":0,"k":[100,100],"ix":3},"r":{"a":0,"k":0,"ix":6},"o":{"a":0,"k":100,"ix":7},"sk":{"a":0,"k":0,"ix":4},"sa":{"a":0,"k":0,"ix":5},"nm":"Transform"}],"nm":"l12","np":2,"cix":2,"bm":0,"ix":2,"mn":"ADBE Vector Group","hd":false}],"ip":0,"op":171,"st":0,"bm":0},{"ddd":0,"ind":4,"ty":4,"nm":"l2","sr":1,"ks":{"o":{"a":0,"k":100,"ix":11},"r":{"a":1,"k":[{"i":{"x":[0.667],"y":[1]},"o":{"x":[0.333],"y":[0]},"t":0,"s":[0]},{"i":{"x":[0.667],"y":[1]},"o":{"x":[0.167],"y":[0]},"t":72,"s":[-4]},{"t":144,"s":[0]}],"ix":10},"p":{"a":0,"k":[1643.055,2910.028,0],"ix":2},"a":{"a":0,"k":[1643.055,2910.028,0],"ix":1},"s":{"a":0,"k":[100,100,100],"ix":6}},"ao":0,"shapes":[{"ty":"gr","it":[{"ty":"gr","it":[{"ind":0,"ty":"sh","ix":1,"ks":{"a":0,"k":{"i":[[0,0.046],[0.15,0.001],[0.012,-0.036],[-0.164,-0.012]],"o":[[-0.15,-0.001],[-0.012,0.036],[0.163,0.012],[0,-0.046]],"v":[[0.247,-0.069],[-0.21,-0.071],[-0.247,0.036],[0.246,0.071]],"c":true},"ix":2},"nm":"Path 1","mn":"ADBE Vector Shape - Group","hd":false},{"ty":"gf","o":{"a":0,"k":100,"ix":10},"r":1,"bm":0,"g":{"p":3,"k":{"a":0,"k":[0.004,0.89,0.553,0.867,0.502,0.737,0.498,0.916,1,0.584,0.443,0.965],"ix":9}},"s":{"a":0,"k":[-17.635,-686.687],"ix":5},"e":{"a":0,"k":[280.522,-1126.872],"ix":6},"t":1,"nm":"Gradient Fill 1","mn":"ADBE Vector Graphic - G-Fill","hd":false},{"ty":"tr","p":{"a":0,"k":[1632.992,2936.356],"ix":2},"a":{"a":0,"k":[0,0],"ix":1},"s":{"a":0,"k":[100,100],"ix":3},"r":{"a":0,"k":0,"ix":6},"o":{"a":0,"k":100,"ix":7},"sk":{"a":0,"k":0,"ix":4},"sa":{"a":0,"k":0,"ix":5},"nm":"Transform"}],"nm":"Group 1","np":2,"cix":2,"bm":0,"ix":1,"mn":"ADBE Vector Group","hd":false},{"ty":"gr","it":[{"ind":0,"ty":"sh","ix":1,"ks":{"a":0,"k":{"i":[[0.528,0.002],[-0.529,-0.038],[-0.012,0.036]],"o":[[0.525,0.039],[0.012,-0.036],[-0.535,-0.002]],"v":[[-0.816,-0.056],[0.779,0.056],[0.816,-0.05]],"c":true},"ix":2},"nm":"Path 1","mn":"ADBE Vector Shape - Group","hd":false},{"ty":"gf","o":{"a":0,"k":100,"ix":10},"r":1,"bm":0,"g":{"p":3,"k":{"a":0,"k":[0.004,0.89,0.553,0.867,0.502,0.737,0.498,0.916,1,0.584,0.443,0.965],"ix":9}},"s":{"a":0,"k":[-16.618,-686.823],"ix":5},"e":{"a":0,"k":[281.436,-1126.856],"ix":6},"t":1,"nm":"Gradient Fill 1","mn":"ADBE Vector Graphic - G-Fill","hd":false},{"ty":"tr","p":{"a":0,"k":[1631.966,2936.336],"ix":2},"a":{"a":0,"k":[0,0],"ix":1},"s":{"a":0,"k":[100,100],"ix":3},"r":{"a":0,"k":0,"ix":6},"o":{"a":0,"k":100,"ix":7},"sk":{"a":0,"k":0,"ix":4},"sa":{"a":0,"k":0,"ix":5},"nm":"Transform"}],"nm":"Group 2","np":2,"cix":2,"bm":0,"ix":2,"mn":"ADBE Vector Group","hd":false},{"ty":"gr","it":[{"ind":0,"ty":"sh","ix":1,"ks":{"a":0,"k":{"i":[[1.886,0.008],[0.067,-0.055],[-1.55,-0.101],[-0.456,0.152]],"o":[[-0.067,0.055],[1.517,0.108],[0.455,-0.15],[-1.971,-0.005]],"v":[[-2.783,-0.239],[-2.985,-0.075],[1.615,0.239],[2.985,-0.22]],"c":true},"ix":2},"nm":"Path 1","mn":"ADBE Vector Shape - Group","hd":false},{"ty":"gf","o":{"a":0,"k":100,"ix":10},"r":1,"bm":0,"g":{"p":3,"k":{"a":0,"k":[0.004,0.89,0.553,0.867,0.502,0.737,0.498,0.916,1,0.584,0.443,0.965],"ix":9}},"s":{"a":0,"k":[-18.955,-684.634],"ix":5},"e":{"a":0,"k":[279.083,-1124.645],"ix":6},"t":1,"nm":"Gradient Fill 1","mn":"ADBE Vector Graphic - G-Fill","hd":false},{"ty":"tr","p":{"a":0,"k":[1636.608,2936.529],"ix":2},"a":{"a":0,"k":[0,0],"ix":1},"s":{"a":0,"k":[100,100],"ix":3},"r":{"a":0,"k":0,"ix":6},"o":{"a":0,"k":100,"ix":7},"sk":{"a":0,"k":0,"ix":4},"sa":{"a":0,"k":0,"ix":5},"nm":"Transform"}],"nm":"Group 3","np":2,"cix":2,"bm":0,"ix":3,"mn":"ADBE Vector Group","hd":false},{"ty":"gr","it":[{"ind":0,"ty":"sh","ix":1,"ks":{"a":0,"k":{"i":[[36.528,-27.422],[37.567,-36.873],[53.976,-85.313],[47.699,-28.913],[35.369,-11.806],[-86.327,83.332],[-70.865,42.53],[-49.026,40.206],[-11.6,16.609],[-7.989,15.425],[14.064,-4.394],[41.579,-12.083],[5.533,8.515],[-4.563,6.446],[-34.626,21.876],[-9.387,33.303],[20.9,7.036],[0.821,0.118],[12.106,-21.934]],"o":[[-68.215,51.211],[-60.215,59.103],[-45.621,72.107],[-40.225,24.384],[75.067,0.2],[63.585,-61.379],[42.917,-25.757],[34.765,-28.51],[13.331,-19.088],[-12.686,-6.424],[-35.94,11.228],[-11.696,3.399],[-5.549,-8.539],[25.935,-36.638],[48.222,-30.466],[12.92,-45.836],[-0.788,-0.265],[-8.396,48.822],[-35.31,63.977]],"v":[[149.247,-109.872],[31.811,-37.521],[-58.79,153.554],[-213.653,291.88],[-328.416,344.961],[-31.096,259.29],[78.505,108.148],[197.874,48.357],[268.508,-31.079],[300.155,-83.461],[252.542,-84.452],[172.053,-24.531],[134.761,-26.644],[145.205,-58.11],[238.701,-120.186],[321.094,-233.061],[308.872,-344.421],[306.453,-344.969],[269.475,-238.364]],"c":true},"ix":2},"nm":"Path 1","mn":"ADBE Vector Shape - Group","hd":false},{"ty":"fl","c":{"a":0,"k":[1,1,1,1],"ix":4},"o":{"a":0,"k":100,"ix":5},"r":1,"bm":0,"nm":"Fill 1","mn":"ADBE Vector Graphic - Fill","hd":false},{"ty":"tr","p":{"a":0,"k":[1968.01,2591.349],"ix":2},"a":{"a":0,"k":[0,0],"ix":1},"s":{"a":0,"k":[100,100],"ix":3},"r":{"a":0,"k":0,"ix":6},"o":{"a":0,"k":50,"ix":7},"sk":{"a":0,"k":0,"ix":4},"sa":{"a":0,"k":0,"ix":5},"nm":"Transform"}],"nm":"Group 4","np":2,"cix":2,"bm":9,"ix":4,"mn":"ADBE Vector Group","hd":false},{"ty":"gr","it":[{"ind":0,"ty":"sh","ix":1,"ks":{"a":0,"k":{"i":[[39.644,-62.435],[46.995,-77.917],[32.836,-75.496],[3.654,-69.706],[21.205,-62.433],[0.002,-0.449],[-0.194,-0.001],[-17.931,37.74],[-39.447,66.173],[-70.504,90.645],[-75.739,86.439],[-44.563,64.566],[-8.267,29.319],[8.888,-6.398],[87.883,-103.212],[9.269,4.749],[-4.377,14.096],[-28.446,25.389],[-3.875,37.333],[13.476,7.622],[6.514,-1.807],[15.499,-23.848]],"o":[[-49.582,78.086],[-47.475,78.714],[-21.42,49.248],[-2.086,39.788],[-0.001,0.448],[0.193,0.001],[55.921,-45.691],[31.938,-67.223],[53.024,-88.95],[73.014,-93.871],[58.838,-67.15],[20.459,-29.642],[-35.173,-4.314],[-51.866,37.332],[-46.122,54.167],[-8.204,-4.204],[7.121,-22.935],[23.008,-20.535],[0.719,-6.933],[-4.247,-2.402],[-7.299,22.691],[-42.262,65.027]],"v":[[-80.133,-189.076],[-137.334,-2.169],[-269.956,140.609],[-282.947,287.825],[-313.419,442.47],[-313.428,443.823],[-312.841,443.825],[-208.456,314.339],[-151.269,153.285],[17.909,-9.88],[131.411,-225.429],[271.677,-353.671],[313.428,-443.51],[210.74,-400.009],[66.047,-230.06],[-8.422,-164.737],[-11.789,-202.923],[40.372,-255.969],[97.283,-340.638],[87.507,-383.908],[71.189,-384.553],[37.805,-313.883]],"c":true},"ix":2},"nm":"Path 1","mn":"ADBE Vector Shape - Group","hd":false},{"ty":"fl","c":{"a":0,"k":[1,1,1,1],"ix":4},"o":{"a":0,"k":100,"ix":5},"r":1,"bm":0,"nm":"Fill 1","mn":"ADBE Vector Graphic - Fill","hd":false},{"ty":"tr","p":{"a":0,"k":[1946.666,2492.465],"ix":2},"a":{"a":0,"k":[0,0],"ix":1},"s":{"a":0,"k":[100,100],"ix":3},"r":{"a":0,"k":0,"ix":6},"o":{"a":0,"k":50,"ix":7},"sk":{"a":0,"k":0,"ix":4},"sa":{"a":0,"k":0,"ix":5},"nm":"Transform"}],"nm":"Group 5","np":2,"cix":2,"bm":9,"ix":5,"mn":"ADBE Vector Group","hd":false},{"ty":"gr","it":[{"ind":0,"ty":"sh","ix":1,"ks":{"a":0,"k":{"i":[[-0.152,0.448],[8.771,41.153],[-29.941,57.876],[-15.469,45.414],[-17.446,57.721],[-27.72,37.113],[-12.54,29.849],[21.859,-15.183],[10.854,-63.912],[-34.782,-87.473],[-0.535,-0.002]],"o":[[0.138,-65.093],[-10.502,-49.278],[22.251,-43.012],[18.621,-54.669],[11.514,-38.096],[13.465,-18.028],[-16.638,2.936],[-104.45,72.547],[-29.086,171.267],[0.528,0.002],[0.154,-0.449]],"v":[[-47.521,353.87],[-63.422,194.931],[-62.563,27.185],[2.672,-61.125],[7.428,-198.814],[66.683,-284.118],[107.083,-355.22],[43.282,-324.802],[-97.342,-50.319],[-49.618,355.214],[-47.986,355.22]],"c":true},"ix":2},"nm":"Path 1","mn":"ADBE Vector Shape - Group","hd":false},{"ty":"fl","c":{"a":0,"k":[1,1,1,1],"ix":4},"o":{"a":0,"k":100,"ix":5},"r":1,"bm":0,"nm":"Fill 1","mn":"ADBE Vector Graphic - Fill","hd":false},{"ty":"tr","p":{"a":0,"k":[1680.768,2581.065],"ix":2},"a":{"a":0,"k":[0,0],"ix":1},"s":{"a":0,"k":[100,100],"ix":3},"r":{"a":0,"k":0,"ix":6},"o":{"a":0,"k":50,"ix":7},"sk":{"a":0,"k":0,"ix":4},"sa":{"a":0,"k":0,"ix":5},"nm":"Transform"}],"nm":"Group 6","np":2,"cix":2,"bm":9,"ix":6,"mn":"ADBE Vector Group","hd":false},{"ty":"gr","it":[{"ind":0,"ty":"sh","ix":1,"ks":{"a":0,"k":{"i":[[0,-0.046],[-0.128,-0.009],[-0.067,0.055],[0.193,0.001]],"o":[[0.128,0.009],[0.067,-0.055],[-0.194,-0.001],[0,0.046]],"v":[[-0.294,0.056],[0.092,0.083],[0.294,-0.081],[-0.293,-0.083]],"c":true},"ix":2},"nm":"Path 1","mn":"ADBE Vector Shape - Group","hd":false},{"ty":"gf","o":{"a":0,"k":100,"ix":10},"r":1,"bm":0,"g":{"p":3,"k":{"a":0,"k":[0.004,0.89,0.553,0.867,0.502,0.737,0.498,0.916,1,0.584,0.443,0.965],"ix":9}},"s":{"a":0,"k":[-17.183,-686.771],"ix":5},"e":{"a":0,"k":[280.926,-1126.886],"ix":6},"t":1,"nm":"Gradient Fill 1","mn":"ADBE Vector Graphic - G-Fill","hd":false},{"ty":"tr","p":{"a":0,"k":[1633.531,2936.371],"ix":2},"a":{"a":0,"k":[0,0],"ix":1},"s":{"a":0,"k":[100,100],"ix":3},"r":{"a":0,"k":0,"ix":6},"o":{"a":0,"k":100,"ix":7},"sk":{"a":0,"k":0,"ix":4},"sa":{"a":0,"k":0,"ix":5},"nm":"Transform"}],"nm":"Group 7","np":2,"cix":2,"bm":0,"ix":7,"mn":"ADBE Vector Group","hd":false},{"ty":"gr","it":[{"ind":0,"ty":"sh","ix":1,"ks":{"a":0,"k":{"i":[[0.154,-0.449],[-0.15,-0.001],[-0.001,0.448]],"o":[[0.15,0.001],[0.002,-0.449],[-0.152,0.448]],"v":[[-0.232,0.674],[0.224,0.676],[0.232,-0.676]],"c":true},"ix":2},"nm":"Path 1","mn":"ADBE Vector Shape - Group","hd":false},{"ty":"gf","o":{"a":0,"k":100,"ix":10},"r":1,"bm":0,"g":{"p":3,"k":{"a":0,"k":[0.004,0.89,0.553,0.867,0.502,0.737,0.498,0.916,1,0.584,0.443,0.965],"ix":9}},"s":{"a":0,"k":[-17.544,-685.947],"ix":5},"e":{"a":0,"k":[280.549,-1126.038],"ix":6},"t":1,"nm":"Gradient Fill 1","mn":"ADBE Vector Graphic - G-Fill","hd":false},{"ty":"tr","p":{"a":0,"k":[1633.014,2935.611],"ix":2},"a":{"a":0,"k":[0,0],"ix":1},"s":{"a":0,"k":[100,100],"ix":3},"r":{"a":0,"k":0,"ix":6},"o":{"a":0,"k":100,"ix":7},"sk":{"a":0,"k":0,"ix":4},"sa":{"a":0,"k":0,"ix":5},"nm":"Transform"}],"nm":"Group 8","np":2,"cix":2,"bm":0,"ix":8,"mn":"ADBE Vector Group","hd":false},{"ty":"gr","it":[{"ind":0,"ty":"sh","ix":1,"ks":{"a":0,"k":{"i":[[0,-0.113],[-0.129,0.105],[0.128,0.009]],"o":[[0.129,-0.105],[-0.128,-0.009],[-0.001,0.114]],"v":[[-0.194,0.171],[0.194,-0.144],[-0.192,-0.171]],"c":true},"ix":2},"nm":"Path 1","mn":"ADBE Vector Shape - Group","hd":false},{"ty":"gf","o":{"a":0,"k":100,"ix":10},"r":1,"bm":0,"g":{"p":3,"k":{"a":0,"k":[0.004,0.89,0.553,0.867,0.502,0.737,0.498,0.916,1,0.584,0.443,0.965],"ix":9}},"s":{"a":0,"k":[-18.105,-686.859],"ix":5},"e":{"a":0,"k":[279.928,-1126.861],"ix":6},"t":1,"nm":"Gradient Fill 1","mn":"ADBE Vector Graphic - G-Fill","hd":false},{"ty":"tr","p":{"a":0,"k":[1633.429,2936.598],"ix":2},"a":{"a":0,"k":[0,0],"ix":1},"s":{"a":0,"k":[100,100],"ix":3},"r":{"a":0,"k":0,"ix":6},"o":{"a":0,"k":100,"ix":7},"sk":{"a":0,"k":0,"ix":4},"sa":{"a":0,"k":0,"ix":5},"nm":"Transform"}],"nm":"Group 9","np":2,"cix":2,"bm":0,"ix":9,"mn":"ADBE Vector Group","hd":false},{"ty":"gr","it":[{"ind":0,"ty":"sh","ix":1,"ks":{"a":0,"k":{"i":[[0.826,-0.66],[-0.657,0.209],[-0.155,0.449]],"o":[[0.654,-0.206],[0.156,-0.451],[-0.816,0.661]],"v":[[-1.221,0.991],[0.757,0.357],[1.221,-0.991]],"c":true},"ix":2},"nm":"Path 1","mn":"ADBE Vector Shape - Group","hd":false},{"ty":"gf","o":{"a":0,"k":100,"ix":10},"r":1,"bm":0,"g":{"p":3,"k":{"a":0,"k":[0.004,0.89,0.553,0.867,0.502,0.737,0.498,0.916,1,0.584,0.443,0.965],"ix":9}},"s":{"a":0,"k":[-16.139,-689.044],"ix":5},"e":{"a":0,"k":[281.935,-1129.107],"ix":6},"t":1,"nm":"Gradient Fill 1","mn":"ADBE Vector Graphic - G-Fill","hd":false},{"ty":"tr","p":{"a":0,"k":[1631.155,2938.459],"ix":2},"a":{"a":0,"k":[0,0],"ix":1},"s":{"a":0,"k":[100,100],"ix":3},"r":{"a":0,"k":0,"ix":6},"o":{"a":0,"k":100,"ix":7},"sk":{"a":0,"k":0,"ix":4},"sa":{"a":0,"k":0,"ix":5},"nm":"Transform"}],"nm":"Group 10","np":2,"cix":2,"bm":0,"ix":10,"mn":"ADBE Vector Group","hd":false},{"ty":"gr","it":[{"ind":0,"ty":"sh","ix":1,"ks":{"a":0,"k":{"i":[[0.287,-0.233],[0.156,-0.451],[-0.438,0.141],[-0.002,0.54]],"o":[[-0.155,0.449],[0.437,-0.139],[0.003,-0.542],[-0.286,0.233]],"v":[[-0.198,-0.325],[-0.662,1.023],[0.652,0.601],[0.662,-1.023]],"c":true},"ix":2},"nm":"Path 1","mn":"ADBE Vector Shape - Group","hd":false},{"ty":"gf","o":{"a":0,"k":100,"ix":10},"r":1,"bm":0,"g":{"p":3,"k":{"a":0,"k":[0.004,0.89,0.553,0.867,0.502,0.737,0.498,0.916,1,0.584,0.443,0.965],"ix":9}},"s":{"a":0,"k":[-16.3,-687.333],"ix":5},"e":{"a":0,"k":[281.782,-1127.408],"ix":6},"t":1,"nm":"Gradient Fill 1","mn":"ADBE Vector Graphic - G-Fill","hd":false},{"ty":"tr","p":{"a":0,"k":[1632.573,2937.792],"ix":2},"a":{"a":0,"k":[0,0],"ix":1},"s":{"a":0,"k":[100,100],"ix":3},"r":{"a":0,"k":0,"ix":6},"o":{"a":0,"k":100,"ix":7},"sk":{"a":0,"k":0,"ix":4},"sa":{"a":0,"k":0,"ix":5},"nm":"Transform"}],"nm":"Group 11","np":2,"cix":2,"bm":0,"ix":11,"mn":"ADBE Vector Group","hd":false},{"ty":"gr","it":[{"ind":0,"ty":"sh","ix":1,"ks":{"a":0,"k":{"i":[[0.129,-0.105],[0.003,-0.542],[-1.677,0.555],[1.517,0.108]],"o":[[-0.002,0.54],[1.658,-0.532],[-1.55,-0.101],[-0.129,0.105]],"v":[[-2.489,-0.655],[-2.499,0.97],[2.499,-0.656],[-2.102,-0.97]],"c":true},"ix":2},"nm":"Path 1","mn":"ADBE Vector Shape - Group","hd":false},{"ty":"gf","o":{"a":0,"k":100,"ix":10},"r":1,"bm":0,"g":{"p":3,"k":{"a":0,"k":[0.004,0.89,0.553,0.867,0.502,0.737,0.498,0.916,1,0.584,0.443,0.965],"ix":9}},"s":{"a":0,"k":[-18.218,-685.654],"ix":5},"e":{"a":0,"k":[279.829,-1125.676],"ix":6},"t":1,"nm":"Gradient Fill 1","mn":"ADBE Vector Graphic - G-Fill","hd":false},{"ty":"tr","p":{"a":0,"k":[1635.725,2937.424],"ix":2},"a":{"a":0,"k":[0,0],"ix":1},"s":{"a":0,"k":[100,100],"ix":3},"r":{"a":0,"k":0,"ix":6},"o":{"a":0,"k":100,"ix":7},"sk":{"a":0,"k":0,"ix":4},"sa":{"a":0,"k":0,"ix":5},"nm":"Transform"}],"nm":"Group 12","np":2,"cix":2,"bm":0,"ix":12,"mn":"ADBE Vector Group","hd":false},{"ty":"gr","it":[{"ind":0,"ty":"sh","ix":1,"ks":{"a":0,"k":{"i":[[-0.001,0.114],[0.163,0.012],[0.123,-0.359],[-0.286,0.233]],"o":[[-0.164,-0.012],[-0.122,0.358],[0.287,-0.233],[0,-0.113]],"v":[[0.431,-0.503],[-0.061,-0.538],[-0.431,0.538],[0.429,-0.161]],"c":true},"ix":2},"nm":"Path 1","mn":"ADBE Vector Shape - Group","hd":false},{"ty":"gf","o":{"a":0,"k":100,"ix":10},"r":1,"bm":0,"g":{"p":3,"k":{"a":0,"k":[0.004,0.89,0.553,0.867,0.502,0.737,0.498,0.916,1,0.584,0.443,0.965],"ix":9}},"s":{"a":0,"k":[-17.539,-687.282],"ix":5},"e":{"a":0,"k":[280.46,-1127.235],"ix":6},"t":1,"nm":"Gradient Fill 1","mn":"ADBE Vector Graphic - G-Fill","hd":false},{"ty":"tr","p":{"a":0,"k":[1632.806,2936.93],"ix":2},"a":{"a":0,"k":[0,0],"ix":1},"s":{"a":0,"k":[100,100],"ix":3},"r":{"a":0,"k":0,"ix":6},"o":{"a":0,"k":100,"ix":7},"sk":{"a":0,"k":0,"ix":4},"sa":{"a":0,"k":0,"ix":5},"nm":"Transform"}],"nm":"Group 13","np":2,"cix":2,"bm":0,"ix":13,"mn":"ADBE Vector Group","hd":false},{"ty":"tr","p":{"a":0,"k":[1632.806,2936.93],"ix":2},"a":{"a":0,"k":[1632.806,2936.93],"ix":1},"s":{"a":0,"k":[100,100],"ix":3},"r":{"a":0,"k":0,"ix":6},"o":{"a":0,"k":100,"ix":7},"sk":{"a":0,"k":0,"ix":4},"sa":{"a":0,"k":0,"ix":5},"nm":"Transform"}],"nm":"Group 1","np":13,"cix":2,"bm":0,"ix":1,"mn":"ADBE Vector Group","hd":false},{"ty":"gr","it":[{"ind":0,"ty":"sh","ix":1,"ks":{"a":0,"k":{"i":[[106.233,7.802],[-29.086,171.268],[-104.45,72.547],[-9.113,-10.045],[9.017,-62.349],[-5.996,-2.485],[-43.913,60.233],[-29.009,-16.409],[0.719,-6.933],[23.007,-20.535],[7.121,-22.935],[-8.204,-4.204],[-46.122,54.167],[-51.866,37.332],[-30.251,-23.435],[19.228,-40.569],[78.304,-96.357],[-6.469,-9.356],[-12.59,3.79],[-49.352,59.52],[-17.381,-5.852],[12.92,-45.836],[48.222,-30.466],[25.935,-36.638],[-5.549,-8.539],[-11.696,3.399],[-35.94,11.228],[-10.386,-11.788],[123.731,-97.85]],"o":[[-34.782,-87.473],[10.854,-63.912],[31.788,-22.079],[8.883,9.792],[-2.586,17.882],[10.553,4.374],[55.379,-75.961],[13.476,7.622],[-3.875,37.333],[-28.446,25.389],[-4.377,14.096],[9.269,4.749],[87.883,-103.212],[10.255,-7.382],[23.638,18.311],[-29.033,61.257],[-34.702,42.702],[6.022,8.71],[39.092,-11.768],[22.615,-27.275],[20.9,7.036],[-9.387,33.303],[-34.626,21.876],[-4.563,6.446],[5.533,8.514],[41.579,-12.083],[17.012,-5.315],[31.233,35.449],[-155.798,123.209]],"v":[[-303.905,442.648],[-351.63,37.115],[-211.005,-237.368],[-131.032,-265.385],[-155.409,-163.855],[-154.941,-123.14],[-73.977,-234.818],[99.118,-385.074],[108.894,-341.804],[51.982,-257.135],[-0.178,-204.09],[3.189,-165.903],[77.658,-231.226],[222.351,-401.176],[339.358,-439.176],[332.249,-320.033],[184.027,-158.145],[146.635,-85.775],[184.242,-82.466],[276.248,-194.43],[341.826,-246.704],[354.048,-135.344],[271.656,-22.469],[178.159,39.607],[167.715,71.073],[205.007,73.186],[285.497,13.265],[339.893,19.299],[149.437,322.504]],"c":true},"ix":2},"nm":"Path 1","mn":"ADBE Vector Shape - Group","hd":false},{"ty":"gf","o":{"a":0,"k":100,"ix":10},"r":1,"bm":0,"g":{"p":3,"k":{"a":0,"k":[0.004,0.9058823529411765,0.5764705882352941,0.03137254901960784,0.502,0.8941176470588236,0.6470588235294118,0.24313725490196078,1,0.8941176470588236,0.6470588235294118,0.24313725490196078],"ix":9}},"s":{"a":0,"k":[-243.154,-198.972],"ix":5},"e":{"a":0,"k":[54.909,-639.019],"ix":6},"t":1,"nm":"Gradient Fill 1","mn":"ADBE Vector Graphic - G-Fill","hd":false},{"ty":"tr","p":{"a":0,"k":[1935.055,2493.632],"ix":2},"a":{"a":0,"k":[0,0],"ix":1},"s":{"a":0,"k":[100,100],"ix":3},"r":{"a":0,"k":0,"ix":6},"o":{"a":0,"k":100,"ix":7},"sk":{"a":0,"k":0,"ix":4},"sa":{"a":0,"k":0,"ix":5},"nm":"Transform"}],"nm":"Group 2","np":2,"cix":2,"bm":0,"ix":2,"mn":"ADBE Vector Group","hd":false}],"ip":0,"op":171,"st":0,"bm":0},{"ddd":0,"ind":5,"ty":4,"nm":"hand","parent":10,"sr":1,"ks":{"o":{"a":0,"k":100,"ix":11},"r":{"a":0,"k":0,"ix":10},"p":{"a":0,"k":[928.272,1437.061,0],"ix":2},"a":{"a":0,"k":[928.272,1437.061,0],"ix":1},"s":{"a":0,"k":[100,100,100],"ix":6}},"ao":0,"shapes":[{"ty":"gr","it":[{"ind":0,"ty":"sh","ix":1,"ks":{"a":0,"k":{"i":[[13.602,-1.742],[12.984,-26.966],[0.225,-7.135],[-11.467,-26.879],[-104.311,-8.821],[-212.869,84.542],[0,0],[0,0],[35.207,42.382],[85.437,43.162]],"o":[[0,0],[-7.492,15.559],[-5.074,160.086],[38.067,89.224],[0,0],[0,0],[0,0],[-169.841,19.744],[-75.713,-91.147],[-21.266,-10.742]],"v":[[-189.962,-257.969],[-239.471,-232.73],[-250.685,-196.184],[-246.83,70.824],[-12.435,258.98],[241.361,177.899],[241.361,177.899],[254.971,111.908],[-23.598,49.958],[-133.151,-249.744]],"c":true},"ix":2},"nm":"Path 1","mn":"ADBE Vector Shape - Group","hd":false},{"ty":"gf","o":{"a":0,"k":100,"ix":10},"r":1,"bm":0,"g":{"p":3,"k":{"a":0,"k":[0,1,0.565,0.522,0.5,0.992,0.5,0.627,1,0.984,0.435,0.733],"ix":9}},"s":{"a":0,"k":[-250.937,183.012],"ix":5},"e":{"a":0,"k":[44.225,-73.831],"ix":6},"t":1,"nm":"Gradient Fill 1","mn":"ADBE Vector Graphic - G-Fill","hd":false},{"ty":"tr","p":{"a":0,"k":[1108.227,1597.061],"ix":2},"a":{"a":0,"k":[0,0],"ix":1},"s":{"a":0,"k":[100,100],"ix":3},"r":{"a":0,"k":0,"ix":6},"o":{"a":0,"k":100,"ix":7},"sk":{"a":0,"k":0,"ix":4},"sa":{"a":0,"k":0,"ix":5},"nm":"Transform"}],"nm":"Group 1","np":2,"cix":2,"bm":0,"ix":1,"mn":"ADBE Vector Group","hd":false},{"ty":"gr","it":[{"ind":0,"ty":"sh","ix":1,"ks":{"a":0,"k":{"i":[[0,0],[-28.703,-16.697],[36.787,7.367],[0,0]],"o":[[0,0],[28.703,16.698],[-36.785,-7.366],[0,0]],"v":[[-50.054,-34.942],[49.326,-35.185],[27.974,41.987],[-64.884,2.381]],"c":true},"ix":2},"nm":"Path 1","mn":"ADBE Vector Shape - Group","hd":false},{"ty":"gf","o":{"a":0,"k":100,"ix":10},"r":1,"bm":0,"g":{"p":3,"k":{"a":0,"k":[0,0.671,0.192,0.427,0.5,0.573,0.184,0.333,1,0.475,0.176,0.239],"ix":9}},"s":{"a":0,"k":[-293.284,-2977.7],"ix":5},"e":{"a":0,"k":[-372.386,-2987.841],"ix":6},"t":1,"nm":"Gradient Fill 1","mn":"ADBE Vector Graphic - G-Fill","hd":false},{"ty":"tr","p":{"a":0,"k":[1394.404,1757.139],"ix":2},"a":{"a":0,"k":[0,0],"ix":1},"s":{"a":0,"k":[100,100],"ix":3},"r":{"a":0,"k":0,"ix":6},"o":{"a":0,"k":100,"ix":7},"sk":{"a":0,"k":0,"ix":4},"sa":{"a":0,"k":0,"ix":5},"nm":"Transform"}],"nm":"Group 2","np":2,"cix":2,"bm":0,"ix":2,"mn":"ADBE Vector Group","hd":false}],"ip":0,"op":171,"st":0,"bm":0},{"ddd":0,"ind":6,"ty":4,"nm":"box","parent":5,"sr":1,"ks":{"o":{"a":0,"k":100,"ix":11},"r":{"a":0,"k":0,"ix":10},"p":{"a":0,"k":[1394.404,1750.366,0],"ix":2},"a":{"a":0,"k":[1394.404,1750.366,0],"ix":1},"s":{"a":0,"k":[100,100,100],"ix":6}},"ao":0,"shapes":[{"ty":"gr","it":[{"ind":0,"ty":"sh","ix":1,"ks":{"a":0,"k":{"i":[[0,0],[0,0],[0,0],[0,0]],"o":[[0,0],[0,0],[0,0],[0,0]],"v":[[-56.498,-105.01],[-56.498,101.261],[56.498,105.01],[56.498,-98.515]],"c":true},"ix":2},"nm":"Path 1","mn":"ADBE Vector Shape - Group","hd":false},{"ty":"fl","c":{"a":0,"k":[1,1,1,1],"ix":4},"o":{"a":0,"k":100,"ix":5},"r":1,"bm":0,"nm":"Fill 1","mn":"ADBE Vector Graphic - Fill","hd":false},{"ty":"tr","p":{"a":0,"k":[1543.203,1386.948],"ix":2},"a":{"a":0,"k":[0,0],"ix":1},"s":{"a":0,"k":[100,100],"ix":3},"r":{"a":0,"k":0,"ix":6},"o":{"a":0,"k":100,"ix":7},"sk":{"a":0,"k":0,"ix":4},"sa":{"a":0,"k":0,"ix":5},"nm":"Transform"}],"nm":"b1","np":2,"cix":2,"bm":9,"ix":1,"mn":"ADBE Vector Group","hd":false},{"ty":"gr","it":[{"ind":0,"ty":"sh","ix":1,"ks":{"a":0,"k":{"i":[[0,0],[0,0],[0,0],[0,0]],"o":[[0,0],[0,0],[0,0],[0,0]],"v":[[168.973,224.648],[-168.973,247.485],[-168.973,-247.485],[168.973,-228.058]],"c":true},"ix":2},"nm":"Path 1","mn":"ADBE Vector Shape - Group","hd":false},{"ty":"gf","o":{"a":0,"k":100,"ix":10},"r":1,"bm":0,"g":{"p":5,"k":{"a":0,"k":[0,1,0.769,0.267,0.157,0.992,0.716,0.278,0.314,0.984,0.663,0.29,0.655,0.969,0.549,0.314,0.996,0.953,0.435,0.337],"ix":9}},"s":{"a":0,"k":[122.067,-365.366],"ix":5},"e":{"a":0,"k":[-254.563,365.654],"ix":6},"t":1,"nm":"Gradient Fill 1","mn":"ADBE Vector Graphic - G-Fill","hd":false},{"ty":"tr","p":{"a":0,"k":[1524.933,1522.46],"ix":2},"a":{"a":0,"k":[0,0],"ix":1},"s":{"a":0,"k":[100,100],"ix":3},"r":{"a":0,"k":0,"ix":6},"o":{"a":0,"k":100,"ix":7},"sk":{"a":0,"k":0,"ix":4},"sa":{"a":0,"k":0,"ix":5},"nm":"Transform"}],"nm":"b2","np":2,"cix":2,"bm":0,"ix":2,"mn":"ADBE Vector Group","hd":false},{"ty":"gr","it":[{"ind":0,"ty":"sh","ix":1,"ks":{"a":0,"k":{"i":[[0,0],[0,0],[0,0],[0,0]],"o":[[0,0],[0,0],[0,0],[0,0]],"v":[[138.529,247.485],[-138.529,213.612],[-138.529,-227.969],[138.529,-247.485]],"c":true},"ix":2},"nm":"Path 1","mn":"ADBE Vector Shape - Group","hd":false},{"ty":"gf","o":{"a":0,"k":100,"ix":10},"r":1,"bm":0,"g":{"p":5,"k":{"a":0,"k":[0,1,0.769,0.267,0.157,0.992,0.716,0.278,0.314,0.984,0.663,0.29,0.655,0.969,0.549,0.314,0.996,0.953,0.435,0.337],"ix":9}},"s":{"a":0,"k":[-43.431,-314.366],"ix":5},"e":{"a":0,"k":[-171.5,279.172],"ix":6},"t":1,"nm":"Gradient Fill 1","mn":"ADBE Vector Graphic - G-Fill","hd":false},{"ty":"tr","p":{"a":0,"k":[1225.431,1522.366],"ix":2},"a":{"a":0,"k":[0,0],"ix":1},"s":{"a":0,"k":[100,100],"ix":3},"r":{"a":0,"k":0,"ix":6},"o":{"a":0,"k":100,"ix":7},"sk":{"a":0,"k":0,"ix":4},"sa":{"a":0,"k":0,"ix":5},"nm":"Transform"}],"nm":"b3","np":2,"cix":2,"bm":0,"ix":3,"mn":"ADBE Vector Group","hd":false}],"ip":0,"op":171,"st":0,"bm":0},{"ddd":0,"ind":7,"ty":4,"nm":"head","parent":8,"sr":1,"ks":{"o":{"a":0,"k":100,"ix":11},"r":{"a":1,"k":[{"i":{"x":[0.667],"y":[1]},"o":{"x":[0.333],"y":[0.15]},"t":0,"s":[0.222]},{"i":{"x":[0.667],"y":[1]},"o":{"x":[0.333],"y":[0]},"t":9,"s":[3]},{"i":{"x":[0.667],"y":[1]},"o":{"x":[0.333],"y":[0]},"t":21,"s":[0]},{"i":{"x":[0.667],"y":[1]},"o":{"x":[0.333],"y":[0]},"t":39,"s":[3]},{"i":{"x":[0.667],"y":[1]},"o":{"x":[0.333],"y":[0]},"t":51,"s":[0]},{"i":{"x":[0.667],"y":[1]},"o":{"x":[0.333],"y":[0]},"t":68,"s":[3]},{"i":{"x":[0.667],"y":[1]},"o":{"x":[0.333],"y":[0]},"t":80,"s":[0]},{"i":{"x":[0.667],"y":[1]},"o":{"x":[0.333],"y":[0]},"t":99,"s":[3]},{"i":{"x":[0.667],"y":[1]},"o":{"x":[0.333],"y":[0]},"t":111,"s":[0]},{"i":{"x":[0.667],"y":[1]},"o":{"x":[0.333],"y":[0]},"t":129,"s":[3]},{"i":{"x":[0.667],"y":[1]},"o":{"x":[0.333],"y":[0]},"t":141,"s":[0]},{"i":{"x":[0.667],"y":[1]},"o":{"x":[0.333],"y":[0]},"t":159,"s":[3]},{"i":{"x":[0.667],"y":[1]},"o":{"x":[0.333],"y":[0]},"t":171,"s":[0]},{"t":172,"s":[0]}],"ix":10},"p":{"a":0,"k":[2.477,-0.067,0],"ix":2},"a":{"a":0,"k":[1165.918,1254.344,0],"ix":1},"s":{"a":0,"k":[100,100,100],"ix":6}},"ao":0,"shapes":[{"ty":"gr","it":[{"ind":0,"ty":"sh","ix":1,"ks":{"a":0,"k":{"i":[[-7.35,-5.577],[-31.005,-0.61],[9.208,5.895],[24.995,6.069],[5.563,-14.556],[0,0],[1.522,-8.986]],"o":[[0,0],[38.204,0.751],[-10.676,-6.835],[-10.524,-2.553],[-6.329,16.563],[0,0],[-1.994,11.76]],"v":[[-28.917,23.466],[4.751,55.436],[39.444,-50.458],[-5.887,-47.138],[-30.904,-48.846],[-32.517,-2.737],[-43.008,-1.366]],"c":true},"ix":2},"nm":"Path 1","mn":"ADBE Vector Shape - Group","hd":false},{"ty":"gf","o":{"a":0,"k":100,"ix":10},"r":1,"bm":0,"g":{"p":3,"k":{"a":0,"k":[0,0.671,0.192,0.427,0.5,0.573,0.184,0.333,1,0.475,0.176,0.239],"ix":9}},"s":{"a":0,"k":[-1337.431,77.501],"ix":5},"e":{"a":0,"k":[-1280.452,223.663],"ix":6},"t":1,"nm":"Gradient Fill 1","mn":"ADBE Vector Graphic - G-Fill","hd":false},{"ty":"tr","p":{"a":0,"k":[1199.569,1205.499],"ix":2},"a":{"a":0,"k":[0,0],"ix":1},"s":{"a":0,"k":[100,100],"ix":3},"r":{"a":0,"k":0,"ix":6},"o":{"a":0,"k":100,"ix":7},"sk":{"a":0,"k":0,"ix":4},"sa":{"a":0,"k":0,"ix":5},"nm":"Transform"}],"nm":"Group 1","np":2,"cix":2,"bm":0,"ix":1,"mn":"ADBE Vector Group","hd":false},{"ty":"gr","it":[{"ind":0,"ty":"sh","ix":1,"ks":{"a":0,"k":{"i":[[-32.258,12.841],[-7.019,4.454],[-1.54,4.711],[1.947,13.821],[4.292,5.942],[11.596,9.545],[11.53,3.783],[17.122,0.815],[8.522,0.067],[17.01,-4.826],[5.922,-6.166],[10.507,-10.231],[7.066,-7.189],[5.98,-17.596],[0.144,-10.135],[-8.11,-19.443],[-3.543,-4.486],[-13.068,-11.667],[-7.777,-1.222],[-12.984,1.134],[-7.37,2.343],[-3.925,9.229]],"o":[[4.242,-0.566],[13.408,-8.508],[3.708,-11.348],[-1.682,-11.935],[-6.874,-9.52],[-15.309,-12.602],[-8.031,-2.637],[-10.896,-0.519],[-12.305,-0.097],[-22.299,6.325],[-9.665,10.063],[-6.987,6.806],[-7.083,7.208],[-5.339,15.709],[-0.079,5.619],[8.469,20.307],[8.004,10.139],[12.535,11.187],[8.715,1.369],[11.377,-0.995],[9.517,-3.026],[5.358,-12.598]],"v":[[69.655,31.978],[87.771,25.474],[107.28,-1.002],[107.744,-35.375],[100.931,-59.219],[76.158,-75.321],[52.623,-103.191],[25.063,-101.333],[5.554,-104.121],[-26.96,-94.83],[-59.474,-87.399],[-69.694,-52.097],[-90.132,-42.807],[-98.493,-11.53],[-109.642,14.791],[-99.885,40.803],[-89.202,65.885],[-62.728,84.467],[-42.754,103.975],[-18.599,95.614],[3.695,98.401],[19.489,73.319]],"c":true},"ix":2},"nm":"Path 1","mn":"ADBE Vector Shape - Group","hd":false},{"ty":"fl","c":{"a":0,"k":[0.149019613862,0.149019613862,0.309803932905,1],"ix":4},"o":{"a":0,"k":100,"ix":5},"r":1,"bm":0,"nm":"Fill 1","mn":"ADBE Vector Graphic - Fill","hd":false},{"ty":"tr","p":{"a":0,"k":[1169.918,1155.87],"ix":2},"a":{"a":0,"k":[0,0],"ix":1},"s":{"a":0,"k":[100,100],"ix":3},"r":{"a":0,"k":0,"ix":6},"o":{"a":0,"k":100,"ix":7},"sk":{"a":0,"k":0,"ix":4},"sa":{"a":0,"k":0,"ix":5},"nm":"Transform"}],"nm":"Group 2","np":2,"cix":2,"bm":0,"ix":2,"mn":"ADBE Vector Group","hd":false}],"ip":0,"op":171,"st":0,"bm":0},{"ddd":0,"ind":8,"ty":4,"nm":"neck","parent":10,"sr":1,"ks":{"o":{"a":0,"k":100,"ix":11},"r":{"a":1,"k":[{"i":{"x":[0.667],"y":[1]},"o":{"x":[0.333],"y":[0.176]},"t":0,"s":[0.505]},{"i":{"x":[0.667],"y":[1]},"o":{"x":[0.333],"y":[0]},"t":8,"s":[4]},{"i":{"x":[0.667],"y":[1]},"o":{"x":[0.333],"y":[0]},"t":20,"s":[0]},{"i":{"x":[0.667],"y":[1]},"o":{"x":[0.333],"y":[0]},"t":38,"s":[4]},{"i":{"x":[0.667],"y":[1]},"o":{"x":[0.333],"y":[0]},"t":50,"s":[0]},{"i":{"x":[0.667],"y":[1]},"o":{"x":[0.333],"y":[0]},"t":68,"s":[4]},{"i":{"x":[0.667],"y":[1]},"o":{"x":[0.333],"y":[0]},"t":80,"s":[0]},{"i":{"x":[0.667],"y":[1]},"o":{"x":[0.333],"y":[0]},"t":98,"s":[4]},{"i":{"x":[0.667],"y":[1]},"o":{"x":[0.333],"y":[0]},"t":110,"s":[0]},{"i":{"x":[0.667],"y":[1]},"o":{"x":[0.333],"y":[0]},"t":128,"s":[4]},{"i":{"x":[0.667],"y":[1]},"o":{"x":[0.333],"y":[0]},"t":140,"s":[0]},{"i":{"x":[0.667],"y":[1]},"o":{"x":[0.333],"y":[0]},"t":158,"s":[4]},{"t":170,"s":[0]}],"ix":10},"p":{"a":0,"k":[1129.441,1298.41,0],"ix":2},"a":{"a":0,"k":[-34,44,0],"ix":1},"s":{"a":0,"k":[100,100,100],"ix":6}},"ao":0,"shapes":[{"ty":"gr","it":[{"ind":0,"ty":"sh","ix":1,"ks":{"a":0,"k":{"i":[[0,0],[19.125,-23.094],[0.712,-9.571],[-6.113,14.113],[2.481,23.697],[-20.695,38.261],[0,0]],"o":[[11.159,31.543],[-16.845,20.341],[-1.408,18.906],[3.016,-6.963],[-1.033,-9.854],[0,0],[0,0]],"v":[[-6.942,-73.959],[-15.491,10.684],[-57.387,38.026],[57.216,70.051],[23.011,28.931],[46.214,-26.594],[55.07,-24.752]],"c":true},"ix":2},"nm":"Path 1","mn":"ADBE Vector Shape - Group","hd":false},{"ty":"gf","o":{"a":0,"k":100,"ix":10},"r":1,"bm":0,"g":{"p":3,"k":{"a":0,"k":[0,0.671,0.192,0.427,0.5,0.573,0.184,0.333,1,0.475,0.176,0.239],"ix":9}},"s":{"a":0,"k":[-981.071,272.813],"ix":5},"e":{"a":0,"k":[-946.046,21.66],"ix":6},"t":1,"nm":"Gradient Fill 1","mn":"ADBE Vector Graphic - G-Fill","hd":false},{"ty":"tr","p":{"a":0,"k":[0,0],"ix":2},"a":{"a":0,"k":[0,0],"ix":1},"s":{"a":0,"k":[100,100],"ix":3},"r":{"a":0,"k":0,"ix":6},"o":{"a":0,"k":100,"ix":7},"sk":{"a":0,"k":0,"ix":4},"sa":{"a":0,"k":0,"ix":5},"nm":"Transform"}],"nm":"neck man","np":2,"cix":2,"bm":0,"ix":1,"mn":"ADBE Vector Group","hd":false}],"ip":0,"op":171,"st":0,"bm":0},{"ddd":0,"ind":9,"ty":3,"nm":"position","sr":1,"ks":{"o":{"a":0,"k":0,"ix":11},"r":{"a":0,"k":0,"ix":10},"p":{"a":0,"k":[1056.23,2021.542,0],"ix":2},"a":{"a":0,"k":[50,50,0],"ix":1},"s":{"a":0,"k":[100,100,100],"ix":6}},"ao":0,"ip":0,"op":171,"st":0,"bm":0},{"ddd":0,"ind":10,"ty":4,"nm":"BODY","parent":9,"sr":1,"ks":{"o":{"a":0,"k":100,"ix":11},"r":{"a":0,"k":0,"ix":10},"p":{"a":1,"k":[{"i":{"x":0.667,"y":1},"o":{"x":0.167,"y":0.167},"t":0,"s":[50,50,0],"to":[0,-3.404,0],"ti":[0,8.137,0]},{"i":{"x":0.667,"y":1},"o":{"x":0.333,"y":0},"t":6,"s":[50,91.33,0],"to":[0,-14.172,0],"ti":[0,5.929,0]},{"i":{"x":0.667,"y":1},"o":{"x":0.333,"y":0},"t":18,"s":[50,-6,0],"to":[0,-9.333,0],"ti":[0,8.137,0]},{"i":{"x":0.667,"y":1},"o":{"x":0.333,"y":0},"t":30,"s":[50,91.33,0],"to":[0,-14.172,0],"ti":[0,5.929,0]},{"i":{"x":0.667,"y":1},"o":{"x":0.333,"y":0},"t":42,"s":[50,-6,0],"to":[0,-9.333,0],"ti":[0,8.137,0]},{"i":{"x":0.667,"y":1},"o":{"x":0.333,"y":0},"t":54,"s":[50,91.33,0],"to":[0,-14.172,0],"ti":[0,5.929,0]},{"i":{"x":0.667,"y":1},"o":{"x":0.333,"y":0},"t":66,"s":[50,-6,0],"to":[0,-9.333,0],"ti":[0,8.137,0]},{"i":{"x":0.667,"y":1},"o":{"x":0.333,"y":0},"t":78,"s":[50,91.33,0],"to":[0,-14.172,0],"ti":[0,5.929,0]},{"i":{"x":0.667,"y":1},"o":{"x":0.333,"y":0},"t":90,"s":[50,-6,0],"to":[0,-9.333,0],"ti":[0,8.137,0]},{"i":{"x":0.667,"y":1},"o":{"x":0.333,"y":0},"t":102,"s":[50,91.33,0],"to":[0,-14.172,0],"ti":[0,5.929,0]},{"i":{"x":0.667,"y":1},"o":{"x":0.333,"y":0},"t":114,"s":[50,-6,0],"to":[0,-9.333,0],"ti":[0,8.137,0]},{"i":{"x":0.667,"y":1},"o":{"x":0.333,"y":0},"t":126,"s":[50,91.33,0],"to":[0,-14.172,0],"ti":[0,5.929,0]},{"i":{"x":0.833,"y":0.833},"o":{"x":0.333,"y":0},"t":138,"s":[50,-6,0],"to":[0,-9.333,0],"ti":[0,0,0]},{"t":144,"s":[50,50,0]}],"ix":2},"a":{"a":0,"k":[1056.23,2021.542,0],"ix":1},"s":{"a":0,"k":[100,100,100],"ix":6}},"ao":0,"shapes":[{"ty":"gr","it":[{"ind":0,"ty":"sh","ix":1,"ks":{"a":0,"k":{"i":[[-53.712,91.958],[-31.057,18.795],[-37.758,-104.089],[-73.54,-32.999],[-16.472,10.192],[-12.317,11.654],[-20.118,-137.029],[83.74,3.563],[38.444,10.522],[10.087,44.406],[-7.248,58.604]],"o":[[17.403,-29.797],[-10.612,77.212],[24.278,66.93],[97.41,43.708],[16.536,-10.231],[-6.298,86.155],[-127.086,59.556],[-51.652,-2.197],[-11.044,-23.287],[-22.056,-97.1],[29.032,-234.742]],"v":[[-242.58,-323.901],[-168.288,-396.597],[-141.246,-116.035],[-16.526,58.052],[201.732,29.47],[244.841,-3.767],[260.353,328.686],[-65.986,396.006],[-201.697,373.992],[-237.383,271.114],[-237.383,42.461]],"c":true},"ix":2},"nm":"Path 1","mn":"ADBE Vector Shape - Group","hd":false},{"ty":"gf","o":{"a":0,"k":100,"ix":10},"r":1,"bm":0,"g":{"p":3,"k":{"a":0,"k":[0,1,0.565,0.522,0.5,0.992,0.5,0.627,1,0.4627450980392157,0.03137254901960784,0.23921568627450981],"ix":9}},"s":{"a":0,"k":[-188.851,-350.073],"ix":5},"e":{"a":0,"k":[313.054,233.99],"ix":6},"t":1,"nm":"Gradient Fill 1","mn":"ADBE Vector Graphic - G-Fill","hd":false},{"ty":"tr","p":{"a":0,"k":[1070.149,1727.073],"ix":2},"a":{"a":0,"k":[0,0],"ix":1},"s":{"a":0,"k":[100,100],"ix":3},"r":{"a":0,"k":0,"ix":6},"o":{"a":0,"k":26,"ix":7},"sk":{"a":0,"k":0,"ix":4},"sa":{"a":0,"k":0,"ix":5},"nm":"Transform"}],"nm":"Group 1","np":2,"cix":2,"bm":1,"ix":1,"mn":"ADBE Vector Group","hd":false},{"ty":"gr","it":[{"ind":0,"ty":"sh","ix":1,"ks":{"a":0,"k":{"i":[[-127.086,59.556],[-18.2,95.93],[-2.762,13.231],[7.918,32.492],[35.717,12.923],[72.139,-123.51],[29.032,-234.741],[-22.056,-97.1],[-11.044,-23.287],[-51.652,-2.197]],"o":[[-30.736,-209.353],[1.421,-7.463],[25.755,-123.375],[-12.683,-52.048],[-139.759,-50.562],[-53.711,91.958],[-7.248,58.605],[10.087,44.407],[38.444,10.522],[83.74,3.563]],"v":[[238.273,354.217],[237.883,-95.995],[244.203,-127.67],[280.587,-308.013],[163.213,-397.938],[-264.66,-298.37],[-259.464,67.992],[-259.464,296.645],[-223.777,399.522],[-88.066,421.536]],"c":true},"ix":2},"nm":"Path 1","mn":"ADBE Vector Shape - Group","hd":false},{"ty":"gf","o":{"a":0,"k":100,"ix":10},"r":1,"bm":0,"g":{"p":3,"k":{"a":0,"k":[0,0.4627450980392157,0.03137254901960784,0.23921568627450981,0.5,0.992,0.5,0.627,1,0.4627450980392157,0.03137254901960784,0.23921568627450981],"ix":9}},"s":{"a":0,"k":[274.23,212.458],"ix":5},"e":{"a":0,"k":[-375.114,341.157],"ix":6},"t":1,"nm":"Gradient Fill 1","mn":"ADBE Vector Graphic - G-Fill","hd":false},{"ty":"tr","p":{"a":0,"k":[1092.23,1701.542],"ix":2},"a":{"a":0,"k":[0,0],"ix":1},"s":{"a":0,"k":[100,100],"ix":3},"r":{"a":0,"k":0,"ix":6},"o":{"a":0,"k":100,"ix":7},"sk":{"a":0,"k":0,"ix":4},"sa":{"a":0,"k":0,"ix":5},"nm":"Transform"}],"nm":"Group 2","np":2,"cix":2,"bm":0,"ix":2,"mn":"ADBE Vector Group","hd":false}],"ip":0,"op":171,"st":0,"bm":0},{"ddd":0,"ind":11,"ty":4,"nm":"foor R","parent":12,"sr":1,"ks":{"o":{"a":0,"k":100,"ix":11},"r":{"a":1,"k":[{"i":{"x":[0.56],"y":[1]},"o":{"x":[0.333],"y":[0]},"t":0,"s":[0]},{"i":{"x":[0.667],"y":[1]},"o":{"x":[0.333],"y":[0]},"t":24,"s":[-17]},{"i":{"x":[0.56],"y":[1]},"o":{"x":[0.333],"y":[0]},"t":48,"s":[0]},{"i":{"x":[0.667],"y":[1]},"o":{"x":[0.333],"y":[0]},"t":72,"s":[-17]},{"i":{"x":[0.56],"y":[1]},"o":{"x":[0.333],"y":[0]},"t":96,"s":[0]},{"i":{"x":[0.56],"y":[1]},"o":{"x":[0.333],"y":[0]},"t":120,"s":[-17]},{"t":144,"s":[0]}],"ix":10},"p":{"a":0,"k":[1162.382,3117.991,0],"ix":2,"x":"var $bm_rt;\nvar ctrl = null;\nvar result = value;\ntry {\n    ctrl = effect('IK')(1);\n} catch (e) {\n    value;\n}\n;\nif (ctrl != null) {\n    result = ctrl.effect('IK | foor R')(36).value;\n}\n$bm_rt = result;"},"a":{"a":0,"k":[-60,-38,0],"ix":1},"s":{"a":0,"k":[100,100,100],"ix":6}},"ao":0,"ef":[{"ty":5,"nm":"IK","np":3,"mn":"Pseudo/DUIK ik","ix":1,"en":1,"ef":[{"ty":10,"nm":"Controller","mn":"Pseudo/DUIK ik-0001","ix":1,"v":{"a":0,"k":0,"ix":1}}]}],"shapes":[{"ty":"gr","it":[{"ind":0,"ty":"sh","ix":1,"ks":{"a":0,"k":{"i":[[4.82,3.08],[2.778,-3.205],[-42.079,-11.655],[-42.631,-0.747],[-3.388,3.583],[101.333,-8.889],[32.03,-13.161]],"o":[[-3.574,-2.283],[-12.207,14.08],[37.336,10.342],[18.44,0.323],[11.221,-11.866],[-38.644,4.971],[-10.096,4.149]],"v":[[-77.77,-40.448],[-88.832,-38.821],[-83.09,21.167],[66.787,41.738],[101.952,37.167],[11.878,-20.315],[-54.964,-38.685]],"c":true},"ix":2},"nm":"Path 1","mn":"ADBE Vector Shape - Group","hd":false},{"ty":"fl","c":{"a":0,"k":[0.27058823529411763,0.35294117647058826,0.39215686274509803,1],"ix":4},"o":{"a":0,"k":100,"ix":5},"r":1,"bm":0,"nm":"Fill 1","mn":"ADBE Vector Graphic - Fill","hd":false},{"ty":"tr","p":{"a":0,"k":[0,0],"ix":2},"a":{"a":0,"k":[0,0],"ix":1},"s":{"a":0,"k":[100,100],"ix":3},"r":{"a":0,"k":0,"ix":6},"o":{"a":0,"k":100,"ix":7},"sk":{"a":0,"k":0,"ix":4},"sa":{"a":0,"k":0,"ix":5},"nm":"Transform"}],"nm":"foor R","np":2,"cix":2,"bm":0,"ix":1,"mn":"ADBE Vector Group","hd":false}],"ip":0,"op":171,"st":0,"bm":0},{"ddd":0,"ind":12,"ty":4,"nm":"R calf","parent":13,"sr":1,"ks":{"o":{"a":0,"k":100,"ix":11},"r":{"a":1,"k":[{"i":{"x":[0.454],"y":[1]},"o":{"x":[0.333],"y":[0]},"t":0,"s":[25]},{"i":{"x":[0.454],"y":[1]},"o":{"x":[0.333],"y":[0]},"t":12,"s":[64.5]},{"i":{"x":[0.833],"y":[0.363]},"o":{"x":[0.333],"y":[0]},"t":24,"s":[-4]},{"i":{"x":[0.833],"y":[0.813]},"o":{"x":[0.167],"y":[0.067]},"t":36,"s":[-1.5]},{"i":{"x":[0.667],"y":[1]},"o":{"x":[0.167],"y":[0.151]},"t":42,"s":[10.34]},{"i":{"x":[0.454],"y":[1]},"o":{"x":[0.333],"y":[0]},"t":48,"s":[25]},{"i":{"x":[0.454],"y":[1]},"o":{"x":[0.333],"y":[0]},"t":60,"s":[64.5]},{"i":{"x":[0.833],"y":[0.363]},"o":{"x":[0.333],"y":[0]},"t":72,"s":[-4]},{"i":{"x":[0.833],"y":[0.813]},"o":{"x":[0.167],"y":[0.067]},"t":84,"s":[-1.5]},{"i":{"x":[0.667],"y":[1]},"o":{"x":[0.167],"y":[0.151]},"t":90,"s":[10.34]},{"i":{"x":[0.454],"y":[1]},"o":{"x":[0.333],"y":[0]},"t":96,"s":[25]},{"i":{"x":[0.454],"y":[1]},"o":{"x":[0.333],"y":[0]},"t":108,"s":[64.5]},{"i":{"x":[0.833],"y":[0.363]},"o":{"x":[0.333],"y":[0]},"t":120,"s":[-4]},{"i":{"x":[0.833],"y":[0.813]},"o":{"x":[0.167],"y":[0.067]},"t":132,"s":[-1.5]},{"i":{"x":[0.553],"y":[1]},"o":{"x":[0.167],"y":[0.151]},"t":138,"s":[10.34]},{"t":144,"s":[25]}],"ix":10},"p":{"a":0,"k":[28.875,322.167,0],"ix":2,"x":"var $bm_rt;\nvar fx, layer1, stretch, auto, IK, shrinkVal, dist1, dist2, IKLength, IKStretched, boneStretch, proportion, posC, posR, distC, shrinkMax, shrink, shrink, boneStretch, boneStretch, boneStretch, coef, coef, coef, coef;\nvar ctrl = null;\nvar result = value;\ntry {\n    ctrl = effect('IK')(1);\n} catch (e) {\n    value;\n}\n;\nif (ctrl != null) {\n    fx = ctrl.effect('IK | foor R');\n    layer1 = null;\n    result = [\n        211,\n        25\n    ];\n    try {\n        layer1 = fx(27);\n    } catch (e) {\n    }\n    if (layer1 != null) {\n        stretch = fx(19).value;\n        auto = fx(18).value;\n        IK = fx(1).value;\n        shrinkVal = $bm_div(fx(20).value, 100);\n        function getWorldPos(L) {\n            return L.toWorld(L.anchorPoint);\n        }\n        dist1 = fx(40).value;\n        dist2 = fx(41).value;\n        IKLength = $bm_sum(dist1, dist2);\n        IKStretched = $bm_sum(IKLength, stretch);\n        boneStretch = 0;\n        proportion = $bm_div(dist1, IKLength);\n        posC = getWorldPos(ctrl);\n        posR = getWorldPos(layer1);\n        distC = length(posC, posR);\n        shrinkMax = $bm_mul(IKLength, shrinkVal);\n        shrink = 0;\n        if (distC < IKStretched && IK)\n            shrink = $bm_sub(1, $bm_div(distC, IKStretched));\n        boneStretch = $bm_sub(boneStretch, $bm_mul(easeOut(shrink, 0, shrinkMax), proportion));\n        if (distC > IKStretched && auto && IK)\n            boneStretch = $bm_sum(boneStretch, $bm_mul($bm_sub(distC, IKLength), proportion));\n        else\n            boneStretch = $bm_sum(boneStretch, $bm_mul(stretch, proportion));\n        coef = 1;\n        dist1 != 0 ? coef = $bm_div($bm_sum(dist1, boneStretch), dist1) : coef = 1;\n        result = $bm_sum($bm_mul($bm_sub([\n            28.874755859375,\n            322.166748046875,\n            0\n        ], [\n            -8,\n            -252,\n            0\n        ]), coef), [\n            -8,\n            -252,\n            0\n        ]);\n    }\n}\n$bm_rt = result;"},"a":{"a":0,"k":[1189.244,2588.223,0],"ix":1},"s":{"a":0,"k":[100,100,100],"ix":6}},"ao":0,"ef":[{"ty":5,"nm":"IK","np":3,"mn":"Pseudo/DUIK ik","ix":1,"en":1,"ef":[{"ty":10,"nm":"Controller","mn":"Pseudo/DUIK ik-0001","ix":1,"v":{"a":0,"k":0,"ix":1}}]}],"shapes":[{"ty":"gr","it":[{"ind":0,"ty":"sh","ix":1,"ks":{"a":0,"k":{"i":[[0.139,0.115],[36.165,9.267],[10.012,-39.07],[-1.544,-9.601],[-2.542,-168.571],[-13.964,5.273]],"o":[[4.742,-36.109],[-39.07,-10.012],[-2.568,10.021],[6.77,113.231],[0.274,18.188],[13.79,-90.82]],"v":[[72.409,-174.205],[18.134,-254.366],[-70.735,-201.752],[-72.105,-172.066],[-57.576,248.116],[7.46,245.363]],"c":true},"ix":2},"nm":"Path 1","mn":"ADBE Vector Shape - Group","hd":false},{"ty":"fl","c":{"a":0,"k":[0.27058823529411763,0.35294117647058826,0.39215686274509803,1],"ix":4},"o":{"a":0,"k":100,"ix":5},"r":1,"bm":0,"nm":"Fill 1","mn":"ADBE Vector Graphic - Fill","hd":false},{"ty":"tr","p":{"a":0,"k":[1193.244,2768.699],"ix":2},"a":{"a":0,"k":[0,0],"ix":1},"s":{"a":0,"k":[100,100],"ix":3},"r":{"a":0,"k":0,"ix":6},"o":{"a":0,"k":100,"ix":7},"sk":{"a":0,"k":0,"ix":4},"sa":{"a":0,"k":0,"ix":5},"nm":"Transform"}],"nm":"r c","np":2,"cix":2,"bm":0,"ix":1,"mn":"ADBE Vector Group","hd":false},{"ty":"gr","it":[{"ind":0,"ty":"sh","ix":1,"ks":{"a":0,"k":{"i":[[0,0],[2.037,-40.774],[12.007,-1.432],[1.738,0.165],[4.11,3.735],[-1.134,8.175],[4.216,31.009]],"o":[[-2.037,40.776],[-0.603,12.078],[-1.631,0.195],[-6.423,-0.609],[-6.109,-5.55],[7.715,-55.634],[0,0]],"v":[[28.367,-67.485],[22.257,54.838],[0.615,78.604],[-4.442,78.669],[-20.259,71.146],[-28.125,49.144],[-25.291,-78.774]],"c":true},"ix":2},"nm":"Path 1","mn":"ADBE Vector Shape - Group","hd":false},{"ty":"gf","o":{"a":0,"k":100,"ix":10},"r":1,"bm":0,"g":{"p":3,"k":{"a":0,"k":[0,0.671,0.192,0.427,0.5,0.573,0.184,0.333,1,0.475,0.176,0.239],"ix":9}},"s":{"a":0,"k":[-648.787,337.304],"ix":5},"e":{"a":0,"k":[-844.924,530.276],"ix":6},"t":1,"nm":"Gradient Fill 1","mn":"ADBE Vector Graphic - G-Fill","hd":false},{"ty":"tr","p":{"a":0,"k":[1165.047,3065.642],"ix":2},"a":{"a":0,"k":[0,0],"ix":1},"s":{"a":0,"k":[100,100],"ix":3},"r":{"a":0,"k":0,"ix":6},"o":{"a":0,"k":100,"ix":7},"sk":{"a":0,"k":0,"ix":4},"sa":{"a":0,"k":0,"ix":5},"nm":"Transform"}],"nm":"Group 1","np":2,"cix":2,"bm":0,"ix":2,"mn":"ADBE Vector Group","hd":false}],"ip":0,"op":171,"st":0,"bm":0},{"ddd":0,"ind":13,"ty":4,"nm":"R thigh","parent":9,"sr":1,"ks":{"o":{"a":0,"k":100,"ix":11},"r":{"a":1,"k":[{"i":{"x":[0.241],"y":[1]},"o":{"x":[0.167],"y":[0]},"t":0,"s":[26]},{"i":{"x":[0.833],"y":[0.859]},"o":{"x":[0.388],"y":[0]},"t":24,"s":[-14]},{"i":{"x":[0.616],"y":[1]},"o":{"x":[0.167],"y":[0.36]},"t":42,"s":[21.372]},{"i":{"x":[0.241],"y":[1]},"o":{"x":[0.167],"y":[0]},"t":48,"s":[26]},{"i":{"x":[0.833],"y":[0.859]},"o":{"x":[0.388],"y":[0]},"t":72,"s":[-14]},{"i":{"x":[0.616],"y":[1]},"o":{"x":[0.167],"y":[0.36]},"t":90,"s":[21.372]},{"i":{"x":[0.241],"y":[1]},"o":{"x":[0.167],"y":[0]},"t":96,"s":[26]},{"i":{"x":[0.833],"y":[0.859]},"o":{"x":[0.388],"y":[0]},"t":120,"s":[-14]},{"i":{"x":[0.616],"y":[1]},"o":{"x":[0.167],"y":[0.36]},"t":138,"s":[21.372]},{"t":144,"s":[26]}],"ix":10},"p":{"a":0,"k":[146.14,42.515,0],"ix":2},"a":{"a":0,"k":[-8,-252,0],"ix":1},"s":{"a":0,"k":[100,100,100],"ix":6}},"ao":0,"ef":[{"ty":5,"nm":"IK","np":3,"mn":"Pseudo/DUIK ik","ix":1,"en":1,"ef":[{"ty":10,"nm":"Controller","mn":"Pseudo/DUIK ik-0001","ix":1,"v":{"a":0,"k":0,"ix":1}}]}],"shapes":[{"ty":"gr","it":[{"ind":0,"ty":"sh","ix":1,"ks":{"a":0,"k":{"i":[[-8.072,91.772],[3.791,184.674],[90.353,-36.246],[1.103,-0.456],[-9.681,-62.208],[-12.898,-419.661]],"o":[[17.419,-144.943],[-1.998,-97.332],[-1.112,0.446],[-58.192,24.026],[27.542,176.984],[-5.332,90.526]],"v":[[105.488,326.803],[139.008,-253.655],[-52.101,-380.054],[-55.424,-378.702],[-137.837,-231.458],[-40.134,316.357]],"c":true},"ix":2},"nm":"Path 1","mn":"ADBE Vector Shape - Group","hd":false},{"ty":"gf","o":{"a":0,"k":100,"ix":10},"r":1,"bm":0,"g":{"p":3,"k":{"a":0,"k":[0,0.27058823529411763,0.35294117647058826,0.39215686274509803,0.498,0.27058823529411763,0.35294117647058826,0.39215686274509803,0.996,0.27058823529411763,0.35294117647058826,0.39215686274509803],"ix":9}},"s":{"a":0,"k":[15.63,-449.056],"ix":5},"e":{"a":0,"k":[-59.122,814.938],"ix":6},"t":1,"nm":"Gradient Fill 1","mn":"ADBE Vector Graphic - G-Fill","hd":false},{"ty":"tr","p":{"a":0,"k":[0,0],"ix":2},"a":{"a":0,"k":[0,0],"ix":1},"s":{"a":0,"k":[100,100],"ix":3},"r":{"a":0,"k":0,"ix":6},"o":{"a":0,"k":100,"ix":7},"sk":{"a":0,"k":0,"ix":4},"sa":{"a":0,"k":0,"ix":5},"nm":"Transform"}],"nm":"R thigh","np":2,"cix":2,"bm":0,"ix":1,"mn":"ADBE Vector Group","hd":false}],"ip":0,"op":171,"st":0,"bm":0},{"ddd":0,"ind":14,"ty":4,"nm":"foot L","parent":15,"sr":1,"ks":{"o":{"a":0,"k":100,"ix":11},"r":{"a":1,"k":[{"i":{"x":[0.575],"y":[1]},"o":{"x":[0.333],"y":[0]},"t":0,"s":[-13]},{"i":{"x":[0.484],"y":[1]},"o":{"x":[0.333],"y":[0]},"t":24,"s":[6]},{"i":{"x":[0.667],"y":[1]},"o":{"x":[0.333],"y":[0]},"t":36,"s":[25.5]},{"i":{"x":[0.575],"y":[1]},"o":{"x":[0.333],"y":[0]},"t":48,"s":[-13]},{"i":{"x":[0.484],"y":[1]},"o":{"x":[0.333],"y":[0]},"t":72,"s":[6]},{"i":{"x":[0.667],"y":[1]},"o":{"x":[0.333],"y":[0]},"t":84,"s":[25.5]},{"i":{"x":[0.575],"y":[1]},"o":{"x":[0.333],"y":[0]},"t":96,"s":[-13]},{"i":{"x":[0.484],"y":[1]},"o":{"x":[0.333],"y":[0]},"t":120,"s":[6]},{"i":{"x":[0.484],"y":[1]},"o":{"x":[0.333],"y":[0]},"t":132,"s":[25.5]},{"t":144,"s":[-13]}],"ix":10},"p":{"a":0,"k":[999.426,3117.991,0],"ix":2,"x":"var $bm_rt;\nvar ctrl = null;\nvar result = value;\ntry {\n    ctrl = effect('IK')(1);\n} catch (e) {\n    value;\n}\n;\nif (ctrl != null) {\n    result = ctrl.effect('IK | foot L')(36).value;\n}\n$bm_rt = result;"},"a":{"a":0,"k":[-64,-38,0],"ix":1},"s":{"a":0,"k":[100,100,100],"ix":6}},"ao":0,"ef":[{"ty":5,"nm":"IK","np":3,"mn":"Pseudo/DUIK ik","ix":1,"en":1,"ef":[{"ty":10,"nm":"Controller","mn":"Pseudo/DUIK ik-0001","ix":1,"v":{"a":0,"k":0,"ix":1}}]}],"shapes":[{"ty":"gr","it":[{"ind":0,"ty":"sh","ix":1,"ks":{"a":0,"k":{"i":[[4.82,3.08],[2.778,-3.205],[-42.079,-11.655],[-11.221,11.866],[101.333,-8.889],[32.03,-13.161]],"o":[[-3.574,-2.283],[-12.207,14.08],[53.486,14.815],[11.221,-11.866],[-38.644,4.971],[-10.096,4.149]],"v":[[-77.77,-40.448],[-88.832,-38.821],[-83.09,21.167],[101.952,37.167],[11.878,-20.315],[-54.964,-38.685]],"c":true},"ix":2},"nm":"Path 1","mn":"ADBE Vector Shape - Group","hd":false},{"ty":"fl","c":{"a":0,"k":[0.27058823529411763,0.35294117647058826,0.39215686274509803,1],"ix":4},"o":{"a":0,"k":100,"ix":5},"r":1,"bm":0,"nm":"Fill 1","mn":"ADBE Vector Graphic - Fill","hd":false},{"ty":"tr","p":{"a":0,"k":[0,0],"ix":2},"a":{"a":0,"k":[0,0],"ix":1},"s":{"a":0,"k":[100,100],"ix":3},"r":{"a":0,"k":0,"ix":6},"o":{"a":0,"k":100,"ix":7},"sk":{"a":0,"k":0,"ix":4},"sa":{"a":0,"k":0,"ix":5},"nm":"Transform"}],"nm":"foot L","np":2,"cix":2,"bm":0,"ix":1,"mn":"ADBE Vector Group","hd":false}],"ip":0,"op":171,"st":0,"bm":0},{"ddd":0,"ind":15,"ty":4,"nm":"calf L","parent":16,"sr":1,"ks":{"o":{"a":0,"k":100,"ix":11},"r":{"a":1,"k":[{"i":{"x":[0.833],"y":[0.982]},"o":{"x":[0.333],"y":[0]},"t":0,"s":[-4]},{"i":{"x":[0.833],"y":[1.087]},"o":{"x":[0.167],"y":[-0.054]},"t":6,"s":[17]},{"i":{"x":[0.592],"y":[1]},"o":{"x":[0.167],"y":[0.024]},"t":18,"s":[2.91]},{"i":{"x":[0.484],"y":[1]},"o":{"x":[0.333],"y":[0]},"t":24,"s":[28]},{"i":{"x":[0.833],"y":[0.918]},"o":{"x":[0.333],"y":[0]},"t":36,"s":[76]},{"i":{"x":[0.301],"y":[1]},"o":{"x":[0.167],"y":[-0.156]},"t":48,"s":[-4]},{"i":{"x":[0.45],"y":[1.197]},"o":{"x":[0.403],"y":[0]},"t":54,"s":[17]},{"i":{"x":[0.833],"y":[0.838]},"o":{"x":[0.266],"y":[0.027]},"t":66,"s":[2.91]},{"i":{"x":[0.833],"y":[1.056]},"o":{"x":[0.167],"y":[0.169]},"t":72,"s":[28]},{"i":{"x":[0.667],"y":[1]},"o":{"x":[0.167],"y":[0.033]},"t":84,"s":[76]},{"i":{"x":[0.833],"y":[0.982]},"o":{"x":[0.333],"y":[0]},"t":96,"s":[-4]},{"i":{"x":[0.833],"y":[1.087]},"o":{"x":[0.167],"y":[-0.054]},"t":102,"s":[17]},{"i":{"x":[0.592],"y":[1]},"o":{"x":[0.167],"y":[0.024]},"t":114,"s":[2.91]},{"i":{"x":[0.833],"y":[1.056]},"o":{"x":[0.333],"y":[0]},"t":120,"s":[28]},{"i":{"x":[0.484],"y":[1]},"o":{"x":[0.167],"y":[0.033]},"t":132,"s":[76]},{"t":144,"s":[-4]}],"ix":10},"p":{"a":0,"k":[28.875,316.167,0],"ix":2,"x":"var $bm_rt;\nvar fx, layer1, stretch, auto, IK, shrinkVal, dist1, dist2, IKLength, IKStretched, boneStretch, proportion, posC, posR, distC, shrinkMax, shrink, shrink, boneStretch, boneStretch, boneStretch, coef, coef, coef, coef;\nvar ctrl = null;\nvar result = value;\ntry {\n    ctrl = effect('IK')(1);\n} catch (e) {\n    value;\n}\n;\nif (ctrl != null) {\n    fx = ctrl.effect('IK | foot L');\n    layer1 = null;\n    result = [\n        211,\n        25\n    ];\n    try {\n        layer1 = fx(27);\n    } catch (e) {\n    }\n    if (layer1 != null) {\n        stretch = fx(19).value;\n        auto = fx(18).value;\n        IK = fx(1).value;\n        shrinkVal = $bm_div(fx(20).value, 100);\n        function getWorldPos(L) {\n            return L.toWorld(L.anchorPoint);\n        }\n        dist1 = fx(40).value;\n        dist2 = fx(41).value;\n        IKLength = $bm_sum(dist1, dist2);\n        IKStretched = $bm_sum(IKLength, stretch);\n        boneStretch = 0;\n        proportion = $bm_div(dist1, IKLength);\n        posC = getWorldPos(ctrl);\n        posR = getWorldPos(layer1);\n        distC = length(posC, posR);\n        shrinkMax = $bm_mul(IKLength, shrinkVal);\n        shrink = 0;\n        if (distC < IKStretched && IK)\n            shrink = $bm_sub(1, $bm_div(distC, IKStretched));\n        boneStretch = $bm_sub(boneStretch, $bm_mul(easeOut(shrink, 0, shrinkMax), proportion));\n        if (distC > IKStretched && auto && IK)\n            boneStretch = $bm_sum(boneStretch, $bm_mul($bm_sub(distC, IKLength), proportion));\n        else\n            boneStretch = $bm_sum(boneStretch, $bm_mul(stretch, proportion));\n        coef = 1;\n        dist1 != 0 ? coef = $bm_div($bm_sum(dist1, boneStretch), dist1) : coef = 1;\n        result = $bm_sum($bm_mul($bm_sub([\n            28.874755859375,\n            316.166748046875,\n            0\n        ], [\n            0,\n            -256,\n            0\n        ]), coef), [\n            0,\n            -256,\n            0\n        ]);\n    }\n}\n$bm_rt = result;"},"a":{"a":0,"k":[1030.289,2582.223,0],"ix":1},"s":{"a":0,"k":[100,100,100],"ix":6}},"ao":0,"ef":[{"ty":5,"nm":"IK","np":3,"mn":"Pseudo/DUIK ik","ix":1,"en":1,"ef":[{"ty":10,"nm":"Controller","mn":"Pseudo/DUIK ik-0001","ix":1,"v":{"a":0,"k":0,"ix":1}}]}],"shapes":[{"ty":"gr","it":[{"ind":0,"ty":"sh","ix":1,"ks":{"a":0,"k":{"i":[[0.139,0.115],[36.165,9.267],[10.012,-39.07],[-1.544,-9.601],[-2.542,-168.571],[-13.964,5.273]],"o":[[4.742,-36.109],[-39.07,-10.012],[-2.568,10.021],[6.77,113.231],[0.274,18.188],[13.79,-90.82]],"v":[[72.409,-174.205],[18.134,-254.366],[-70.735,-201.752],[-72.105,-172.066],[-57.576,248.116],[7.46,245.363]],"c":true},"ix":2},"nm":"Path 1","mn":"ADBE Vector Shape - Group","hd":false},{"ty":"gf","o":{"a":0,"k":100,"ix":10},"r":1,"bm":0,"g":{"p":3,"k":{"a":0,"k":[0,0.27058823529411763,0.35294117647058826,0.39215686274509803,0.498,0.27058823529411763,0.35294117647058826,0.39215686274509803,0.996,0.27058823529411763,0.35294117647058826,0.39215686274509803],"ix":9}},"s":{"a":0,"k":[46.711,-986.699],"ix":5},"e":{"a":0,"k":[-31.511,335.967],"ix":6},"t":1,"nm":"Gradient Fill 1","mn":"ADBE Vector Graphic - G-Fill","hd":false},{"ty":"tr","p":{"a":0,"k":[1034.289,2768.699],"ix":2},"a":{"a":0,"k":[0,0],"ix":1},"s":{"a":0,"k":[100,100],"ix":3},"r":{"a":0,"k":0,"ix":6},"o":{"a":0,"k":100,"ix":7},"sk":{"a":0,"k":0,"ix":4},"sa":{"a":0,"k":0,"ix":5},"nm":"Transform"}],"nm":"l c","np":2,"cix":2,"bm":0,"ix":1,"mn":"ADBE Vector Group","hd":false},{"ty":"gr","it":[{"ind":0,"ty":"sh","ix":1,"ks":{"a":0,"k":{"i":[[0,0],[2.037,-40.774],[12.007,-1.432],[1.738,0.165],[4.11,3.735],[-1.134,8.175],[4.216,31.009]],"o":[[-2.037,40.776],[-0.603,12.078],[-1.631,0.195],[-6.423,-0.609],[-6.109,-5.55],[7.715,-55.634],[0,0]],"v":[[28.367,-67.485],[22.257,54.838],[0.615,78.604],[-4.442,78.669],[-20.259,71.146],[-28.125,49.144],[-25.291,-78.774]],"c":true},"ix":2},"nm":"Path 1","mn":"ADBE Vector Shape - Group","hd":false},{"ty":"fl","c":{"a":0,"k":[0.670588235294,0.192156877705,0.427451010311,1],"ix":4},"o":{"a":0,"k":100,"ix":5},"r":1,"bm":0,"nm":"Fill 1","mn":"ADBE Vector Graphic - Fill","hd":false},{"ty":"tr","p":{"a":0,"k":[1006.092,3065.642],"ix":2},"a":{"a":0,"k":[0,0],"ix":1},"s":{"a":0,"k":[100,100],"ix":3},"r":{"a":0,"k":0,"ix":6},"o":{"a":0,"k":100,"ix":7},"sk":{"a":0,"k":0,"ix":4},"sa":{"a":0,"k":0,"ix":5},"nm":"Transform"}],"nm":"Group 1","np":2,"cix":2,"bm":0,"ix":2,"mn":"ADBE Vector Group","hd":false}],"ip":0,"op":171,"st":0,"bm":0},{"ddd":0,"ind":16,"ty":4,"nm":"thigh L","parent":9,"sr":1,"ks":{"o":{"a":0,"k":100,"ix":11},"r":{"a":1,"k":[{"i":{"x":[0.833],"y":[0.537]},"o":{"x":[0.333],"y":[0]},"t":0,"s":[-22]},{"i":{"x":[0.833],"y":[0.884]},"o":{"x":[0.167],"y":[0.126]},"t":6,"s":[-17.25]},{"i":{"x":[0.301],"y":[1]},"o":{"x":[0.167],"y":[1.422]},"t":18,"s":[17.583]},{"i":{"x":[0.484],"y":[1]},"o":{"x":[0.333],"y":[0]},"t":24,"s":[19]},{"i":{"x":[0.833],"y":[0.994]},"o":{"x":[0.333],"y":[0]},"t":36,"s":[-17]},{"i":{"x":[0.301],"y":[1]},"o":{"x":[0.167],"y":[-0.003]},"t":48,"s":[-22]},{"i":{"x":[0.484],"y":[1]},"o":{"x":[0.333],"y":[0]},"t":54,"s":[-17.25]},{"i":{"x":[0.833],"y":[2.356]},"o":{"x":[0.333],"y":[0]},"t":66,"s":[17.583]},{"i":{"x":[0.833],"y":[0.905]},"o":{"x":[0.167],"y":[0.107]},"t":72,"s":[19]},{"i":{"x":[0.667],"y":[1]},"o":{"x":[0.167],"y":[0.683]},"t":84,"s":[-17]},{"i":{"x":[0.833],"y":[0.537]},"o":{"x":[0.333],"y":[0]},"t":96,"s":[-22]},{"i":{"x":[0.833],"y":[0.884]},"o":{"x":[0.167],"y":[0.126]},"t":102,"s":[-17.25]},{"i":{"x":[0.301],"y":[1]},"o":{"x":[0.167],"y":[1.422]},"t":114,"s":[17.583]},{"i":{"x":[0.833],"y":[0.905]},"o":{"x":[0.333],"y":[0]},"t":120,"s":[19]},{"i":{"x":[0.484],"y":[1]},"o":{"x":[0.167],"y":[0.683]},"t":132,"s":[-17]},{"t":144,"s":[-22]}],"ix":10},"p":{"a":0,"k":[-4.815,38.515,0],"ix":2},"a":{"a":0,"k":[0,-256,0],"ix":1},"s":{"a":0,"k":[100,100,100],"ix":6}},"ao":0,"ef":[{"ty":5,"nm":"IK","np":3,"mn":"Pseudo/DUIK ik","ix":1,"en":1,"ef":[{"ty":10,"nm":"Controller","mn":"Pseudo/DUIK ik-0001","ix":1,"v":{"a":0,"k":0,"ix":1}}]}],"shapes":[{"ty":"gr","it":[{"ind":0,"ty":"sh","ix":1,"ks":{"a":0,"k":{"i":[[-8.072,91.772],[3.791,184.674],[90.353,-36.246],[1.103,-0.456],[-9.681,-62.208],[-12.898,-419.661]],"o":[[17.419,-144.943],[-1.998,-97.332],[-1.112,0.446],[-58.192,24.026],[27.542,176.984],[-5.332,90.526]],"v":[[105.488,326.803],[139.008,-253.655],[-52.101,-380.054],[-55.424,-378.702],[-137.837,-231.458],[-40.134,316.357]],"c":true},"ix":2},"nm":"Path 1","mn":"ADBE Vector Shape - Group","hd":false},{"ty":"gf","o":{"a":0,"k":100,"ix":10},"r":1,"bm":0,"g":{"p":3,"k":{"a":0,"k":[0,0.27058823529411763,0.35294117647058826,0.39215686274509803,0.498,0.27058823529411763,0.35294117647058826,0.39215686274509803,0.996,0.27058823529411763,0.35294117647058826,0.39215686274509803],"ix":9}},"s":{"a":0,"k":[15.586,-449.056],"ix":5},"e":{"a":0,"k":[-59.167,814.938],"ix":6},"t":1,"nm":"Gradient Fill 1","mn":"ADBE Vector Graphic - G-Fill","hd":false},{"ty":"tr","p":{"a":0,"k":[0,0],"ix":2},"a":{"a":0,"k":[0,0],"ix":1},"s":{"a":0,"k":[100,100],"ix":3},"r":{"a":0,"k":0,"ix":6},"o":{"a":0,"k":100,"ix":7},"sk":{"a":0,"k":0,"ix":4},"sa":{"a":0,"k":0,"ix":5},"nm":"Transform"}],"nm":"thigh L","np":2,"cix":2,"bm":0,"ix":1,"mn":"ADBE Vector Group","hd":false}],"ip":0,"op":171,"st":0,"bm":0},{"ddd":0,"ind":17,"ty":4,"nm":"shadow","sr":1,"ks":{"o":{"a":0,"k":100,"ix":11},"r":{"a":0,"k":0,"ix":10},"p":{"a":0,"k":[992.113,3214.206,0],"ix":2},"a":{"a":0,"k":[0,0,0],"ix":1},"s":{"a":0,"k":[100,100,100],"ix":6}},"ao":0,"shapes":[{"ty":"gr","it":[{"ind":0,"ty":"sh","ix":1,"ks":{"a":0,"k":{"i":[[-409.378,-48.808],[1.863,-86.403],[161.026,-3.584],[323.606,92.876],[-0.438,22.927]],"o":[[238.884,28.481],[-1.238,57.446],[-226.924,5.051],[-286.875,-82.334],[0.644,-33.716]],"v":[[74.51,-145.809],[715.316,47.923],[372.56,167.143],[-253.344,-26.588],[-715.322,-116.003]],"c":true},"ix":2},"nm":"Path 1","mn":"ADBE Vector Shape - Group","hd":false},{"ty":"fl","c":{"a":0,"k":[0.847058832645,0.870588243008,0.909803926945,1],"ix":4},"o":{"a":0,"k":100,"ix":5},"r":1,"bm":0,"nm":"Fill 1","mn":"ADBE Vector Graphic - Fill","hd":false},{"ty":"tr","p":{"a":0,"k":[0,0],"ix":2},"a":{"a":0,"k":[0,0],"ix":1},"s":{"a":0,"k":[100,100],"ix":3},"r":{"a":0,"k":0,"ix":6},"o":{"a":0,"k":100,"ix":7},"sk":{"a":0,"k":0,"ix":4},"sa":{"a":0,"k":0,"ix":5},"nm":"Transform"}],"nm":"shadow","np":2,"cix":2,"bm":0,"ix":1,"mn":"ADBE Vector Group","hd":false}],"ip":0,"op":171,"st":0,"bm":0},{"ddd":0,"ind":18,"ty":4,"nm":"arrow long","sr":1,"ks":{"o":{"a":0,"k":100,"ix":11},"r":{"a":1,"k":[{"i":{"x":[0.833],"y":[0.833]},"o":{"x":[0.167],"y":[0.167]},"t":0,"s":[-111]},{"i":{"x":[0.833],"y":[0.833]},"o":{"x":[0.167],"y":[0.167]},"t":96,"s":[-21]},{"i":{"x":[0.833],"y":[0.833]},"o":{"x":[0.167],"y":[0.167]},"t":120,"s":[-21]},{"t":132,"s":[-111]}],"ix":10},"p":{"a":0,"k":[1814.658,1650.994,0],"ix":2},"a":{"a":0,"k":[-396,-168,0],"ix":1},"s":{"a":0,"k":[100,100,100],"ix":6}},"ao":0,"shapes":[{"ty":"gr","it":[{"ind":0,"ty":"sh","ix":1,"ks":{"a":0,"k":{"i":[[5.943,-13.082],[0,0],[-13.283,-5.273],[0,0],[-5.943,13.082],[13.283,5.273],[0,0]],"o":[[0,0],[-5.942,13.081],[0,0],[13.284,5.273],[5.943,-13.082],[0,0],[-13.283,-5.272]],"v":[[-401.228,-154.747],[-401.228,-154.747],[-387.936,-121.513],[366.416,168.887],[401.228,154.747],[387.936,121.514],[-366.416,-168.887]],"c":true},"ix":2},"nm":"Path 1","mn":"ADBE Vector Shape - Group","hd":false},{"ty":"fl","c":{"a":0,"k":[0.27058823529411763,0.35294117647058826,0.39215686274509803,1],"ix":4},"o":{"a":0,"k":100,"ix":5},"r":1,"bm":0,"nm":"Fill 1","mn":"ADBE Vector Graphic - Fill","hd":false},{"ty":"tr","p":{"a":0,"k":[0,0],"ix":2},"a":{"a":0,"k":[0,0],"ix":1},"s":{"a":0,"k":[100,100],"ix":3},"r":{"a":0,"k":0,"ix":6},"o":{"a":0,"k":100,"ix":7},"sk":{"a":0,"k":0,"ix":4},"sa":{"a":0,"k":0,"ix":5},"nm":"Transform"}],"nm":"arrow long","np":2,"cix":2,"bm":0,"ix":1,"mn":"ADBE Vector Group","hd":false}],"ip":0,"op":171,"st":0,"bm":0},{"ddd":0,"ind":19,"ty":4,"nm":"arrow short","sr":1,"ks":{"o":{"a":0,"k":100,"ix":11},"r":{"a":1,"k":[{"i":{"x":[0.833],"y":[0.833]},"o":{"x":[0.167],"y":[0.167]},"t":0,"s":[0]},{"i":{"x":[0.833],"y":[0.833]},"o":{"x":[0.167],"y":[0.167]},"t":96,"s":[6]},{"i":{"x":[0.833],"y":[0.833]},"o":{"x":[0.167],"y":[0.167]},"t":120,"s":[6]},{"t":132,"s":[0]}],"ix":10},"p":{"a":0,"k":[1818.654,1652.385,0],"ix":2},"a":{"a":0,"k":[-4,292,0],"ix":1},"s":{"a":0,"k":[100,100,100],"ix":6}},"ao":0,"shapes":[{"ty":"gr","it":[{"ind":0,"ty":"sh","ix":1,"ks":{"a":0,"k":{"i":[[23.905,0],[0,-25.103],[0,0],[-23.906,0],[0,25.103],[0,0]],"o":[[-23.906,0],[0,0],[0,25.103],[23.905,0],[0,0],[0,-25.103]],"v":[[0,-287.864],[-43.284,-242.412],[-43.284,242.412],[0,287.864],[43.284,242.412],[43.284,-242.412]],"c":true},"ix":2},"nm":"Path 1","mn":"ADBE Vector Shape - Group","hd":false},{"ty":"gf","o":{"a":0,"k":100,"ix":10},"r":1,"bm":0,"g":{"p":3,"k":{"a":0,"k":[0,0.27058823529411763,0.35294117647058826,0.39215686274509803,0.5,0.27058823529411763,0.35294117647058826,0.39215686274509803,1,0.27058823529411763,0.35294117647058826,0.39215686274509803],"ix":9}},"s":{"a":0,"k":[-473.654,-882.385],"ix":5},"e":{"a":0,"k":[867.814,1618.374],"ix":6},"t":1,"nm":"Gradient Fill 1","mn":"ADBE Vector Graphic - G-Fill","hd":false},{"ty":"tr","p":{"a":0,"k":[0,0],"ix":2},"a":{"a":0,"k":[0,0],"ix":1},"s":{"a":0,"k":[100,100],"ix":3},"r":{"a":0,"k":0,"ix":6},"o":{"a":0,"k":100,"ix":7},"sk":{"a":0,"k":0,"ix":4},"sa":{"a":0,"k":0,"ix":5},"nm":"Transform"}],"nm":"arrow short","np":2,"cix":2,"bm":0,"ix":1,"mn":"ADBE Vector Group","hd":false}],"ip":0,"op":171,"st":0,"bm":0},{"ddd":0,"ind":20,"ty":4,"nm":"c2","sr":1,"ks":{"o":{"a":0,"k":100,"ix":11},"r":{"a":0,"k":0,"ix":10},"p":{"a":0,"k":[1822.654,1645.68,0],"ix":2},"a":{"a":0,"k":[1822.654,1645.681,0],"ix":1},"s":{"a":0,"k":[100,100,100],"ix":6}},"ao":0,"shapes":[{"ty":"gr","it":[{"ind":0,"ty":"sh","ix":1,"ks":{"a":0,"k":{"i":[[0,-39.722],[37.827,0],[0,39.722],[-37.828,0]],"o":[[0,39.722],[-37.828,0],[0,-39.722],[37.827,0]],"v":[[68.493,0],[0,71.923],[-68.493,0],[0,-71.923]],"c":true},"ix":2},"nm":"Path 1","mn":"ADBE Vector Shape - Group","hd":false},{"ty":"gf","o":{"a":0,"k":100,"ix":10},"r":1,"bm":0,"g":{"p":3,"k":{"a":0,"k":[0,0.27058823529411763,0.35294117647058826,0.39215686274509803,0.5,0.27058823529411763,0.35294117647058826,0.39215686274509803,1,0.27058823529411763,0.35294117647058826,0.39215686274509803],"ix":9}},"s":{"a":0,"k":[-592.654,-1103.681],"ix":5},"e":{"a":0,"k":[748.813,1397.077],"ix":6},"t":1,"nm":"Gradient Fill 1","mn":"ADBE Vector Graphic - G-Fill","hd":false},{"ty":"tr","p":{"a":0,"k":[1822.654,1645.681],"ix":2},"a":{"a":0,"k":[0,0],"ix":1},"s":{"a":0,"k":[100,100],"ix":3},"r":{"a":0,"k":0,"ix":6},"o":{"a":0,"k":100,"ix":7},"sk":{"a":0,"k":0,"ix":4},"sa":{"a":0,"k":0,"ix":5},"nm":"Transform"}],"nm":"c2","np":2,"cix":2,"bm":0,"ix":1,"mn":"ADBE Vector Group","hd":false}],"ip":0,"op":171,"st":0,"bm":0},{"ddd":0,"ind":21,"ty":4,"nm":"mask","td":1,"sr":1,"ks":{"o":{"a":1,"k":[{"i":{"x":[0.667],"y":[1]},"o":{"x":[0.333],"y":[0]},"t":120,"s":[100]},{"t":128,"s":[0]}],"ix":11},"r":{"a":0,"k":0,"ix":10},"p":{"a":0,"k":[1857.682,1643.974,0],"ix":2},"a":{"a":0,"k":[1825.681,1627.974,0],"ix":1},"s":{"a":0,"k":[90,90,100],"ix":6}},"ao":0,"shapes":[{"ty":"gr","it":[{"ind":0,"ty":"sh","ix":1,"ks":{"a":0,"k":{"i":[[0,-624.744],[594.945,0],[0,624.744],[-594.945,0]],"o":[[0,624.744],[-594.945,0],[0,-624.744],[594.945,0]],"v":[[1077.243,0],[0,1131.199],[-1077.243,0],[0,-1131.199]],"c":true},"ix":2},"nm":"Path 1","mn":"ADBE Vector Shape - Group","hd":false},{"ty":"tm","s":{"a":1,"k":[{"i":{"x":[0.833],"y":[0.833]},"o":{"x":[0.167],"y":[0.167]},"t":0,"s":[0]},{"t":96,"s":[25.047]}],"ix":1},"e":{"a":0,"k":0,"ix":2},"o":{"a":0,"k":-90,"ix":3},"m":1,"ix":2,"nm":"Trim Paths 1","mn":"ADBE Vector Filter - Trim","hd":false},{"ty":"st","c":{"a":0,"k":[1,0.824636697769,0.290196061134,1],"ix":3},"o":{"a":0,"k":100,"ix":4},"w":{"a":0,"k":2119,"ix":5},"lc":1,"lj":1,"ml":4,"bm":0,"nm":"Stroke 1","mn":"ADBE Vector Graphic - Stroke","hd":false},{"ty":"tr","p":{"a":0,"k":[1827.681,1645.974],"ix":2},"a":{"a":0,"k":[0,0],"ix":1},"s":{"a":0,"k":[100,100],"ix":3},"r":{"a":0,"k":0,"ix":6},"o":{"a":0,"k":100,"ix":7},"sk":{"a":0,"k":0,"ix":4},"sa":{"a":0,"k":0,"ix":5},"nm":"Transform"}],"nm":"c8","np":3,"cix":2,"bm":0,"ix":1,"mn":"ADBE Vector Group","hd":false}],"ip":0,"op":171,"st":0,"bm":0},{"ddd":0,"ind":22,"ty":4,"nm":"segment","tt":1,"sr":1,"ks":{"o":{"a":0,"k":100,"ix":11},"r":{"a":0,"k":0,"ix":10},"p":{"a":0,"k":[1833.682,1663.974,0],"ix":2},"a":{"a":0,"k":[1825.681,1627.974,0],"ix":1},"s":{"a":0,"k":[90,90,100],"ix":6}},"ao":0,"shapes":[{"ty":"gr","it":[{"ind":0,"ty":"sh","ix":1,"ks":{"a":0,"k":{"i":[[0,-624.744],[594.945,0],[0,624.744],[-594.945,0]],"o":[[0,624.744],[-594.945,0],[0,-624.744],[594.945,0]],"v":[[1077.243,0],[0,1131.199],[-1077.243,0],[0,-1131.199]],"c":true},"ix":2},"nm":"Path 1","mn":"ADBE Vector Shape - Group","hd":false},{"ty":"gf","o":{"a":0,"k":100,"ix":10},"r":1,"bm":0,"g":{"p":3,"k":{"a":0,"k":[0,1,0.769,0.267,0.5,0.976,0.602,0.302,1,0.953,0.435,0.337],"ix":9}},"s":{"a":0,"k":[17.778,-17.778],"ix":5},"e":{"a":0,"k":[2673.333,-1724.444],"ix":6},"t":2,"h":{"a":0,"k":0,"ix":7},"a":{"a":0,"k":0,"ix":8},"nm":"Gradient Fill 1","mn":"ADBE Vector Graphic - G-Fill","hd":false},{"ty":"tr","p":{"a":0,"k":[1825.681,1627.974],"ix":2},"a":{"a":0,"k":[0,0],"ix":1},"s":{"a":0,"k":[100,100],"ix":3},"r":{"a":0,"k":0,"ix":6},"o":{"a":0,"k":100,"ix":7},"sk":{"a":0,"k":0,"ix":4},"sa":{"a":0,"k":0,"ix":5},"nm":"Transform"}],"nm":"c8","np":3,"cix":2,"bm":0,"ix":1,"mn":"ADBE Vector Group","hd":false}],"ip":0,"op":171,"st":0,"bm":0},{"ddd":0,"ind":23,"ty":4,"nm":"clock","sr":1,"ks":{"o":{"a":0,"k":100,"ix":11},"r":{"a":0,"k":0,"ix":10},"p":{"a":0,"k":[1769.385,1622.509,0],"ix":2},"a":{"a":0,"k":[1769.385,1622.509,0],"ix":1},"s":{"a":0,"k":[100,100,100],"ix":6}},"ao":0,"shapes":[{"ty":"gr","it":[{"ty":"gr","it":[{"ind":0,"ty":"sh","ix":1,"ks":{"a":0,"k":{"i":[[22.93,209.165],[117.996,473.291],[61.305,85.642],[0,-542.606],[-594.944,0],[-105.897,36.543]],"o":[[-42.174,-384.685],[-28.97,-116.199],[-485.447,109.837],[0,624.744],[117.541,0],[-463.898,-261.486]],"v":[[72.922,340.621],[284.654,-816.219],[142.391,-1118.468],[-706.897,-12.731],[370.345,1118.468],[706.897,1062.085]],"c":true},"ix":2},"nm":"Path 1","mn":"ADBE Vector Shape - Group","hd":false},{"ty":"fl","c":{"a":0,"k":[1,1,1,1],"ix":4},"o":{"a":0,"k":100,"ix":5},"r":1,"bm":0,"nm":"Fill 1","mn":"ADBE Vector Graphic - Fill","hd":false},{"ty":"tr","p":{"a":0,"k":[0,0],"ix":2},"a":{"a":0,"k":[0,0],"ix":1},"s":{"a":0,"k":[100,100],"ix":3},"r":{"a":0,"k":0,"ix":6},"o":{"a":0,"k":100,"ix":7},"sk":{"a":0,"k":0,"ix":4},"sa":{"a":0,"k":0,"ix":5},"nm":"Transform"}],"nm":"Group 1","np":2,"cix":2,"bm":0,"ix":1,"mn":"ADBE Vector Group","hd":false},{"ty":"tr","p":{"a":0,"k":[1455.336,1640.705],"ix":2},"a":{"a":0,"k":[0,0],"ix":1},"s":{"a":0,"k":[100,100],"ix":3},"r":{"a":0,"k":0,"ix":6},"o":{"a":0,"k":100,"ix":7},"sk":{"a":0,"k":0,"ix":4},"sa":{"a":0,"k":0,"ix":5},"nm":"Transform"}],"nm":"c1","np":1,"cix":2,"bm":0,"ix":1,"mn":"ADBE Vector Group","hd":false},{"ty":"gr","it":[{"ind":0,"ty":"sh","ix":1,"ks":{"a":0,"k":{"i":[[0,-624.744],[594.945,0],[0,624.744],[-594.945,0]],"o":[[0,624.744],[-594.945,0],[0,-624.744],[594.945,0]],"v":[[1077.243,0],[0,1131.199],[-1077.243,0],[0,-1131.199]],"c":true},"ix":2},"nm":"Path 1","mn":"ADBE Vector Shape - Group","hd":false},{"ty":"fl","c":{"a":0,"k":[1,1,1,1],"ix":4},"o":{"a":0,"k":100,"ix":5},"r":1,"bm":0,"nm":"Fill 1","mn":"ADBE Vector Graphic - Fill","hd":false},{"ty":"tr","p":{"a":0,"k":[1825.681,1627.974],"ix":2},"a":{"a":0,"k":[0,0],"ix":1},"s":{"a":0,"k":[100,100],"ix":3},"r":{"a":0,"k":0,"ix":6},"o":{"a":0,"k":85,"ix":7},"sk":{"a":0,"k":0,"ix":4},"sa":{"a":0,"k":0,"ix":5},"nm":"Transform"}],"nm":"c3","np":2,"cix":2,"bm":0,"ix":2,"mn":"ADBE Vector Group","hd":false},{"ty":"gr","it":[{"ind":0,"ty":"sh","ix":1,"ks":{"a":0,"k":{"i":[[0,-638.391],[607.941,0],[0,638.392],[-607.941,0]],"o":[[0,638.392],[-607.941,0],[0,-638.391],[607.941,0]],"v":[[1100.775,0],[0,1155.91],[-1100.775,0],[0,-1155.91]],"c":true},"ix":2},"nm":"Path 1","mn":"ADBE Vector Shape - Group","hd":false},{"ty":"gf","o":{"a":0,"k":100,"ix":10},"r":1,"bm":0,"g":{"p":3,"k":{"a":0,"k":[0,0.667,0.502,0.976,0.498,0.8941176470588236,0.6470588235294118,0.24313725490196078,0.996,0.27058823529411763,0.35294117647058826,0.39215686274509803],"ix":9}},"s":{"a":0,"k":[-728.213,-1948.974],"ix":5},"e":{"a":0,"k":[326.19,871.966],"ix":6},"t":1,"nm":"Gradient Fill 1","mn":"ADBE Vector Graphic - G-Fill","hd":false},{"ty":"tr","p":{"a":0,"k":[1849.213,1627.974],"ix":2},"a":{"a":0,"k":[0,0],"ix":1},"s":{"a":0,"k":[100,100],"ix":3},"r":{"a":0,"k":0,"ix":6},"o":{"a":0,"k":100,"ix":7},"sk":{"a":0,"k":0,"ix":4},"sa":{"a":0,"k":0,"ix":5},"nm":"Transform"}],"nm":"c4","np":2,"cix":2,"bm":0,"ix":3,"mn":"ADBE Vector Group","hd":false},{"ty":"gr","it":[{"ind":0,"ty":"sh","ix":1,"ks":{"a":0,"k":{"i":[[-1.454,-658.262],[626.864,-1.527],[1.454,658.262],[-626.864,1.527]],"o":[[1.454,658.262],[-626.864,1.527],[-1.454,-658.262],[626.864,-1.526]],"v":[[1135.037,-2.764],[2.632,1191.888],[-1135.037,2.764],[-2.632,-1191.889]],"c":true},"ix":2},"nm":"Path 1","mn":"ADBE Vector Shape - Group","hd":false},{"ty":"gf","o":{"a":0,"k":100,"ix":10},"r":1,"bm":0,"g":{"p":3,"k":{"a":0,"k":[0.004,0.89,0.553,0.867,0.502,0.8941176470588236,0.6470588235294118,0.24313725490196078,1,0.27058823529411763,0.35294117647058826,0.39215686274509803],"ix":9}},"s":{"a":0,"k":[592.787,-829.974],"ix":5},"e":{"a":0,"k":[-106.884,148.473],"ix":6},"t":1,"nm":"Gradient Fill 1","mn":"ADBE Vector Graphic - G-Fill","hd":false},{"ty":"tr","p":{"a":0,"k":[1849.213,1627.974],"ix":2},"a":{"a":0,"k":[0,0],"ix":1},"s":{"a":0,"k":[100,100],"ix":3},"r":{"a":0,"k":0,"ix":6},"o":{"a":0,"k":30,"ix":7},"sk":{"a":0,"k":0,"ix":4},"sa":{"a":0,"k":0,"ix":5},"nm":"Transform"}],"nm":"c5","np":2,"cix":2,"bm":1,"ix":4,"mn":"ADBE Vector Group","hd":false},{"ty":"gr","it":[{"ind":0,"ty":"sh","ix":1,"ks":{"a":0,"k":{"i":[[-1.491,-675.275],[643.065,-1.566],[1.491,675.275],[-643.066,1.566]],"o":[[1.491,675.275],[-643.065,1.566],[-1.491,-675.275],[643.065,-1.566]],"v":[[1164.373,-2.835],[2.7,1222.693],[-1164.373,2.835],[-2.7,-1222.693]],"c":true},"ix":2},"nm":"Path 1","mn":"ADBE Vector Shape - Group","hd":false},{"ty":"gf","o":{"a":0,"k":100,"ix":10},"r":1,"bm":0,"g":{"p":3,"k":{"a":0,"k":[0,0.8941176470588236,0.6470588235294118,0.24313725490196078,0.498,0.27058823529411763,0.35294117647058826,0.39215686274509803,0.996,0.27058823529411763,0.35294117647058826,0.39215686274509803],"ix":9}},"s":{"a":0,"k":[480.786,-722.974],"ix":5},"e":{"a":0,"k":[-1848.155,2775.909],"ix":6},"t":1,"nm":"Gradient Fill 1","mn":"ADBE Vector Graphic - G-Fill","hd":false},{"ty":"tr","p":{"a":0,"k":[1849.214,1627.974],"ix":2},"a":{"a":0,"k":[0,0],"ix":1},"s":{"a":0,"k":[100,100],"ix":3},"r":{"a":0,"k":0,"ix":6},"o":{"a":0,"k":100,"ix":7},"sk":{"a":0,"k":0,"ix":4},"sa":{"a":0,"k":0,"ix":5},"nm":"Transform"}],"nm":"c6","np":2,"cix":2,"bm":0,"ix":5,"mn":"ADBE Vector Group","hd":false},{"ty":"gr","it":[{"ind":0,"ty":"sh","ix":1,"ks":{"a":0,"k":{"i":[[-1.457,-659.484],[629.498,-17.85],[9.789,-0.023],[1.491,675.275],[-643.066,1.566],[-14.901,-0.557]],"o":[[1.469,664.995],[-9.731,0.276],[-643.065,1.566],[-1.491,-675.275],[15.037,-0.037],[622.308,23.264]],"v":[[1164.372,-2.895],[182.872,1222.636],[2.7,1222.633],[-1164.373,2.776],[-2.7,-1222.752],[168.394,-1220.837]],"c":true},"ix":2},"nm":"Path 1","mn":"ADBE Vector Shape - Group","hd":false},{"ty":"gf","o":{"a":0,"k":100,"ix":10},"r":1,"bm":0,"g":{"p":3,"k":{"a":0,"k":[0,0.9058823529411765,0.7490196078431373,0.49411764705882355,0.498,0.8941176470588236,0.5568627450980392,0.011764705882352941,0.996,0.8941176470588236,0.6470588235294118,0.24313725490196078],"ix":9}},"s":{"a":0,"k":[-17.557,-104.101],"ix":5},"e":{"a":0,"k":[122.445,574.907],"ix":6},"t":1,"nm":"Gradient Fill 1","mn":"ADBE Vector Graphic - G-Fill","hd":false},{"ty":"tr","p":{"a":0,"k":[1689.557,1617.101],"ix":2},"a":{"a":0,"k":[0,0],"ix":1},"s":{"a":0,"k":[100,100],"ix":3},"r":{"a":0,"k":0,"ix":6},"o":{"a":0,"k":100,"ix":7},"sk":{"a":0,"k":0,"ix":4},"sa":{"a":0,"k":0,"ix":5},"nm":"Transform"}],"nm":"c7","np":2,"cix":2,"bm":0,"ix":6,"mn":"ADBE Vector Group","hd":false}],"ip":0,"op":171,"st":0,"bm":0},{"ddd":0,"ind":24,"ty":4,"nm":"BG","sr":1,"ks":{"o":{"a":0,"k":100,"ix":11},"r":{"a":0,"k":0,"ix":10},"p":{"a":0,"k":[1731.435,1693.714,0],"ix":2},"a":{"a":0,"k":[0,0,0],"ix":1},"s":{"a":0,"k":[100,100,100],"ix":6}},"ao":0,"shapes":[{"ty":"gr","it":[{"ind":0,"ty":"sh","ix":1,"ks":{"a":0,"k":{"i":[[442.312,-455.918],[50.985,-34.043],[175.737,32.708],[205.635,185.783],[-357.047,545.522],[-569.637,74.464],[-9.105,0.964],[-445.267,-373.045],[-95.118,-146.902]],"o":[[-74.424,76.713],[-497.246,332.016],[-283.53,-52.771],[-467.264,-422.155],[42.335,-64.683],[13.933,-1.821],[88.121,-9.33],[63.738,53.399],[347.795,537.141]],"v":[[1085.612,1022.833],[893.611,1178.684],[-347.778,1382.297],[-1076.282,1106.515],[-1163.773,-741.808],[-195.294,-1409.408],[-161.861,-1413.231],[917.598,-1098.758],[1179.027,-802.138]],"c":true},"ix":2},"nm":"Path 1","mn":"ADBE Vector Shape - Group","hd":false},{"ty":"fl","c":{"a":0,"k":[0.956862747669,0.96862745285,0.980392158031,1],"ix":4},"o":{"a":0,"k":100,"ix":5},"r":1,"bm":0,"nm":"Fill 1","mn":"ADBE Vector Graphic - Fill","hd":false},{"ty":"tr","p":{"a":0,"k":[0,0],"ix":2},"a":{"a":0,"k":[0,0],"ix":1},"s":{"a":0,"k":[100,100],"ix":3},"r":{"a":0,"k":0,"ix":6},"o":{"a":0,"k":100,"ix":7},"sk":{"a":0,"k":0,"ix":4},"sa":{"a":0,"k":0,"ix":5},"nm":"Transform"}],"nm":"BG","np":2,"cix":2,"bm":0,"ix":1,"mn":"ADBE Vector Group","hd":false}],"ip":0,"op":144,"st":0,"bm":0}],"markers":[{"tm":24,"cm":"","dr":0}]}