{"v":"5.5.7","meta":{"g":"LottieFiles AE 0.1.20","a":"","k":"","d":"","tc":""},"fr":60,"ip":0,"op":330,"w":1000,"h":1000,"nm":"11 - Coffee","ddd":0,"assets":[],"layers":[{"ddd":0,"ind":1,"ty":3,"nm":"Trigger","sr":1,"ks":{"o":{"a":0,"k":0,"ix":11},"r":{"a":0,"k":0,"ix":10},"p":{"a":0,"k":[500,500,0],"ix":2},"a":{"a":0,"k":[0,0,0],"ix":1},"s":{"a":0,"k":[100,100,100],"ix":6}},"ao":0,"ip":0,"op":330,"st":0,"bm":0},{"ddd":0,"ind":2,"ty":3,"nm":"Out Animation","sr":1,"ks":{"o":{"a":0,"k":0,"ix":11},"r":{"a":1,"k":[{"i":{"x":[0.667],"y":[1]},"o":{"x":[0.167],"y":[0]},"t":0,"s":[0]},{"i":{"x":[0],"y":[1]},"o":{"x":[0.388],"y":[0]},"t":230,"s":[0]},{"i":{"x":[0.633],"y":[1]},"o":{"x":[1],"y":[0]},"t":250,"s":[5]},{"t":290,"s":[-25]}],"ix":10},"p":{"a":0,"k":[500,500,0],"ix":2},"a":{"a":0,"k":[50,50,0],"ix":1},"s":{"a":1,"k":[{"i":{"x":[0,0,0],"y":[1,1,1]},"o":{"x":[0.388,0.388,0.388],"y":[0,0,0]},"t":230,"s":[100,100,100]},{"i":{"x":[0.633,0.633,0.633],"y":[1,1,1]},"o":{"x":[1,1,1],"y":[0,0,0]},"t":250,"s":[110,110,100]},{"t":290,"s":[0,0,100]}],"ix":6}},"ao":0,"ip":0,"op":330,"st":0,"bm":0},{"ddd":0,"ind":3,"ty":4,"nm":"Layer 2 Outlines","parent":5,"sr":1,"ks":{"o":{"a":0,"k":100,"ix":11},"r":{"a":1,"k":[{"i":{"x":[0.297],"y":[1]},"o":{"x":[0.708],"y":[0]},"t":15,"s":[45]},{"t":75,"s":[0]}],"ix":10},"p":{"a":0,"k":[187.364,144.038,0],"ix":2},"a":{"a":0,"k":[84.635,84.636,0],"ix":1},"s":{"a":1,"k":[{"i":{"x":[0.255,0.255,0.255],"y":[1,1,1]},"o":{"x":[0.654,0.654,0.654],"y":[0,0,0]},"t":15,"s":[0,0,100]},{"t":75,"s":[100,100,100]}],"ix":6}},"ao":0,"shapes":[{"ty":"gr","it":[{"ind":0,"ty":"sh","ix":1,"ks":{"a":0,"k":{"i":[[1.438,-1.918],[-7.36,-26.988],[-17.022,-10.804],[-2.491,2.492],[-1.49,2.01],[11.568,9.296],[3.474,12.744],[14.632,7.988],[2.7,-2.702]],"o":[[8.518,4.122],[8.504,31.191],[2.876,-1.897],[1.805,-1.805],[-5.03,-3.072],[-19.815,-15.917],[-7.985,-29.281],[-3.147,1.997],[-1.727,1.73]],"v":[[-63.838,-53.298],[-16.139,-5.197],[50.841,65.801],[58.913,59.232],[63.838,53.493],[36.161,34.066],[0.556,-9.75],[-50.298,-65.801],[-59.1,-58.781]],"c":true},"ix":2},"nm":"Path 1","mn":"ADBE Vector Shape - Group","hd":false},{"ty":"fl","c":{"a":0,"k":[0.532999973671,0.372999991623,0.368999974868,1],"ix":4},"o":{"a":0,"k":100,"ix":5},"r":1,"bm":0,"nm":"Fill 1","mn":"ADBE Vector Graphic - Fill","hd":false},{"ty":"tr","p":{"a":0,"k":[84.725,84.411],"ix":2},"a":{"a":0,"k":[0,0],"ix":1},"s":{"a":0,"k":[100,100],"ix":3},"r":{"a":0,"k":0,"ix":6},"o":{"a":0,"k":100,"ix":7},"sk":{"a":0,"k":0,"ix":4},"sa":{"a":0,"k":0,"ix":5},"nm":"Transform"}],"nm":"Group 1","np":2,"cix":2,"bm":0,"ix":1,"mn":"ADBE Vector Group","hd":false},{"ty":"gr","it":[{"ind":0,"ty":"sh","ix":1,"ks":{"a":0,"k":{"i":[[-32.59,-32.586],[-25.379,25.379],[32.59,32.585],[25.379,-25.379]],"o":[[32.585,32.59],[25.379,-25.379],[-32.586,-32.591],[-25.379,25.379]],"v":[[-45.952,45.952],[59.007,59.007],[45.952,-45.952],[-59.006,-59.007]],"c":true},"ix":2},"nm":"Path 1","mn":"ADBE Vector Shape - Group","hd":false},{"ty":"fl","c":{"a":0,"k":[0.6,0.430999995213,0.419999994016,1],"ix":4},"o":{"a":0,"k":100,"ix":5},"r":1,"bm":0,"nm":"Fill 1","mn":"ADBE Vector Graphic - Fill","hd":false},{"ty":"tr","p":{"a":0,"k":[84.635,84.636],"ix":2},"a":{"a":0,"k":[0,0],"ix":1},"s":{"a":0,"k":[100,100],"ix":3},"r":{"a":0,"k":0,"ix":6},"o":{"a":0,"k":100,"ix":7},"sk":{"a":0,"k":0,"ix":4},"sa":{"a":0,"k":0,"ix":5},"nm":"Transform"}],"nm":"Group 2","np":2,"cix":2,"bm":0,"ix":2,"mn":"ADBE Vector Group","hd":false}],"ip":0,"op":330,"st":0,"bm":0},{"ddd":0,"ind":4,"ty":4,"nm":"Layer 3 Outlines","parent":2,"sr":1,"ks":{"o":{"a":0,"k":100,"ix":11},"r":{"a":0,"k":0,"ix":10},"p":{"a":0,"k":[74.007,-84.655,0],"ix":2},"a":{"a":0,"k":[231.406,33.57,0],"ix":1},"s":{"a":1,"k":[{"i":{"x":[0.361,0.361,0.667],"y":[1,1,1]},"o":{"x":[0.647,0.647,0.333],"y":[0,0,0]},"t":20,"s":[0,100,100]},{"i":{"x":[0.348,0.348,0.667],"y":[1,1,1]},"o":{"x":[0.697,0.697,0.333],"y":[0,0,0]},"t":70,"s":[103,100,100]},{"t":90,"s":[100,100,100]}],"ix":6}},"ao":0,"shapes":[{"ty":"gr","it":[{"ind":0,"ty":"sh","ix":1,"ks":{"a":0,"k":{"i":[[7.91,0],[0,0],[0,0],[22.669,0],[0,0],[0,7.91],[0,0],[-7.91,0],[0,0],[0,7.915],[0,0]],"o":[[0,0],[0,0],[0,22.668],[0,0],[-7.915,0],[0,0],[0,7.915],[0,0],[7.91,0],[0,0],[0,-7.91]],"v":[[216.83,-33.32],[164.63,-33.32],[164.63,-21.384],[130.751,13.898],[-209.654,13.898],[-223.981,-0.424],[-231.156,18.993],[-216.831,33.32],[216.83,33.32],[231.156,18.993],[231.156,-18.994]],"c":true},"ix":2},"nm":"Path 1","mn":"ADBE Vector Shape - Group","hd":false},{"ty":"fl","c":{"a":0,"k":[0.532999973671,0.372999991623,0.368999974868,1],"ix":4},"o":{"a":0,"k":100,"ix":5},"r":1,"bm":0,"nm":"Fill 1","mn":"ADBE Vector Graphic - Fill","hd":false},{"ty":"tr","p":{"a":0,"k":[231.406,33.57],"ix":2},"a":{"a":0,"k":[0,0],"ix":1},"s":{"a":0,"k":[100,100],"ix":3},"r":{"a":0,"k":0,"ix":6},"o":{"a":0,"k":100,"ix":7},"sk":{"a":0,"k":0,"ix":4},"sa":{"a":0,"k":0,"ix":5},"nm":"Transform"}],"nm":"Group 1","np":2,"cix":2,"bm":0,"ix":1,"mn":"ADBE Vector Group","hd":false},{"ty":"gr","it":[{"ind":0,"ty":"sh","ix":1,"ks":{"a":0,"k":{"i":[[7.91,0],[0,0],[0,7.914],[0,0],[-7.91,0],[0,0],[0,-7.911],[0,0]],"o":[[0,0],[-7.914,0],[0,0],[0,-7.911],[0,0],[7.91,0],[0,0],[0,7.914]],"v":[[216.83,33.32],[-216.831,33.32],[-231.156,18.994],[-231.156,-18.993],[-216.831,-33.32],[216.83,-33.32],[231.156,-18.993],[231.156,18.994]],"c":true},"ix":2},"nm":"Path 1","mn":"ADBE Vector Shape - Group","hd":false},{"ty":"fl","c":{"a":0,"k":[0.6,0.430999995213,0.419999994016,1],"ix":4},"o":{"a":0,"k":100,"ix":5},"r":1,"bm":0,"nm":"Fill 1","mn":"ADBE Vector Graphic - Fill","hd":false},{"ty":"tr","p":{"a":0,"k":[231.406,33.57],"ix":2},"a":{"a":0,"k":[0,0],"ix":1},"s":{"a":0,"k":[100,100],"ix":3},"r":{"a":0,"k":0,"ix":6},"o":{"a":0,"k":100,"ix":7},"sk":{"a":0,"k":0,"ix":4},"sa":{"a":0,"k":0,"ix":5},"nm":"Transform"}],"nm":"Group 2","np":2,"cix":2,"bm":0,"ix":2,"mn":"ADBE Vector Group","hd":false}],"ip":0,"op":330,"st":0,"bm":0},{"ddd":0,"ind":5,"ty":4,"nm":"Layer 4 Outlines","parent":7,"sr":1,"ks":{"o":{"a":0,"k":100,"ix":11},"r":{"a":0,"k":0,"ix":10},"p":{"a":0,"k":[204.813,416.803,0],"ix":2},"a":{"a":0,"k":[187.366,299.947,0],"ix":1},"s":{"a":1,"k":[{"i":{"x":[0.255,0.255,0.255],"y":[1,1,1]},"o":{"x":[0.654,0.654,0.654],"y":[0,0,0]},"t":5,"s":[0,0,100]},{"t":65,"s":[100,100,100]}],"ix":6}},"ao":0,"shapes":[{"ty":"gr","it":[{"ind":0,"ty":"sh","ix":1,"ks":{"a":0,"k":{"i":[[-10.413,53.059],[0,0],[5.342,0],[0,0],[0.749,5.286],[0,0]],"o":[[0,0],[-0.764,5.286],[0,0],[-5.343,0],[0,0],[264.945,20.25]],"v":[[164.258,-113.613],[133.236,104.395],[122.607,113.612],[-149.366,113.612],[-159.98,104.395],[-164.258,74.367]],"c":true},"ix":2},"nm":"Path 1","mn":"ADBE Vector Shape - Group","hd":false},{"ty":"fl","c":{"a":0,"k":[0.976000019148,0.689999988032,0.451000019148,1],"ix":4},"o":{"a":0,"k":100,"ix":5},"r":1,"bm":0,"nm":"Fill 1","mn":"ADBE Vector Graphic - Fill","hd":false},{"ty":"tr","p":{"a":0,"k":[200.744,186.334],"ix":2},"a":{"a":0,"k":[0,0],"ix":1},"s":{"a":0,"k":[100,100],"ix":3},"r":{"a":0,"k":0,"ix":6},"o":{"a":0,"k":100,"ix":7},"sk":{"a":0,"k":0,"ix":4},"sa":{"a":0,"k":0,"ix":5},"nm":"Transform"}],"nm":"Group 1","np":2,"cix":2,"bm":0,"ix":1,"mn":"ADBE Vector Group","hd":false},{"ty":"gr","it":[{"ind":0,"ty":"sh","ix":1,"ks":{"a":0,"k":{"i":[[0.922,-6.452],[0,0],[0.015,-0.116],[0,0],[0,0],[5.343,0],[0,0],[0.749,5.286],[0,0],[0,0],[-6.524,0],[0,0]],"o":[[0,0],[0,0],[0,0],[0,0],[-0.763,5.286],[0,0],[-5.343,0],[0,0],[0,0],[-0.907,-6.452],[0,0],[6.523,0]],"v":[[186.199,-137.607],[180.093,-94.745],[180.078,-94.572],[177.63,-77.377],[146.607,140.63],[135.978,149.848],[-135.993,149.848],[-146.609,140.63],[-150.885,110.601],[-186.214,-137.607],[-175.585,-149.848],[175.585,-149.848]],"c":true},"ix":2},"nm":"Path 1","mn":"ADBE Vector Shape - Group","hd":false},{"ty":"fl","c":{"a":0,"k":[1,0.760999971278,0.541000007181,1],"ix":4},"o":{"a":0,"k":100,"ix":5},"r":1,"bm":0,"nm":"Fill 1","mn":"ADBE Vector Graphic - Fill","hd":false},{"ty":"tr","p":{"a":0,"k":[187.371,150.099],"ix":2},"a":{"a":0,"k":[0,0],"ix":1},"s":{"a":0,"k":[100,100],"ix":3},"r":{"a":0,"k":0,"ix":6},"o":{"a":0,"k":100,"ix":7},"sk":{"a":0,"k":0,"ix":4},"sa":{"a":0,"k":0,"ix":5},"nm":"Transform"}],"nm":"Group 2","np":2,"cix":2,"bm":0,"ix":2,"mn":"ADBE Vector Group","hd":false}],"ip":0,"op":330,"st":0,"bm":0},{"ddd":0,"ind":6,"ty":4,"nm":"Layer 5 Outlines","parent":4,"sr":1,"ks":{"o":{"a":0,"k":100,"ix":11},"r":{"a":0,"k":0,"ix":10},"p":{"a":0,"k":[231.406,-13.075,0],"ix":2},"a":{"a":0,"k":[186.842,40.235,0],"ix":1},"s":{"a":1,"k":[{"i":{"x":[0.361,0.361,0.667],"y":[1,1,1]},"o":{"x":[0.647,0.647,0.333],"y":[0,0,0]},"t":30,"s":[0,100,100]},{"i":{"x":[0.348,0.348,0.667],"y":[1,1,1]},"o":{"x":[0.697,0.697,0.333],"y":[0,0,0]},"t":80,"s":[103,100,100]},{"t":100,"s":[100,100,100]}],"ix":6}},"ao":0,"shapes":[{"ty":"gr","it":[{"ind":0,"ty":"sh","ix":1,"ks":{"a":0,"k":{"i":[[0,0],[0,0],[4.615,0],[0,0],[0,0],[12.822,0],[0,0],[0,0],[0,0]],"o":[[0,0],[-0.936,-4.524],[0,0],[0,0],[2.591,12.561],[0,0],[0,0],[0,0],[0,0]],"v":[[175.78,-12.417],[171.697,-32.218],[162.166,-39.984],[104.049,-39.984],[107.216,-24.623],[87.396,-6.063],[-177.094,-6.063],[-186.591,39.984],[186.591,39.984]],"c":true},"ix":2},"nm":"Path 1","mn":"ADBE Vector Shape - Group","hd":false},{"ty":"fl","c":{"a":0,"k":[0.532999973671,0.372999991623,0.368999974868,1],"ix":4},"o":{"a":0,"k":100,"ix":5},"r":1,"bm":0,"nm":"Fill 1","mn":"ADBE Vector Graphic - Fill","hd":false},{"ty":"tr","p":{"a":0,"k":[186.842,40.235],"ix":2},"a":{"a":0,"k":[0,0],"ix":1},"s":{"a":0,"k":[100,100],"ix":3},"r":{"a":0,"k":0,"ix":6},"o":{"a":0,"k":100,"ix":7},"sk":{"a":0,"k":0,"ix":4},"sa":{"a":0,"k":0,"ix":5},"nm":"Transform"}],"nm":"Group 1","np":2,"cix":2,"bm":0,"ix":1,"mn":"ADBE Vector Group","hd":false},{"ty":"gr","it":[{"ind":0,"ty":"sh","ix":1,"ks":{"a":0,"k":{"i":[[4.615,0],[0,0],[0.935,-4.523],[0,0],[0,0],[0,0]],"o":[[0,0],[-4.615,0],[0,0],[0,0],[0,0],[-0.935,-4.523]],"v":[[162.166,-39.983],[-162.165,-39.983],[-171.696,-32.216],[-186.591,39.983],[186.591,39.983],[171.697,-32.216]],"c":true},"ix":2},"nm":"Path 1","mn":"ADBE Vector Shape - Group","hd":false},{"ty":"fl","c":{"a":0,"k":[0.6,0.430999995213,0.419999994016,1],"ix":4},"o":{"a":0,"k":100,"ix":5},"r":1,"bm":0,"nm":"Fill 1","mn":"ADBE Vector Graphic - Fill","hd":false},{"ty":"tr","p":{"a":0,"k":[186.841,40.232],"ix":2},"a":{"a":0,"k":[0,0],"ix":1},"s":{"a":0,"k":[100,100],"ix":3},"r":{"a":0,"k":0,"ix":6},"o":{"a":0,"k":100,"ix":7},"sk":{"a":0,"k":0,"ix":4},"sa":{"a":0,"k":0,"ix":5},"nm":"Transform"}],"nm":"Group 2","np":2,"cix":2,"bm":0,"ix":2,"mn":"ADBE Vector Group","hd":false}],"ip":0,"op":330,"st":0,"bm":0},{"ddd":0,"ind":7,"ty":4,"nm":"Layer 6 Outlines","parent":2,"sr":1,"ks":{"o":{"a":0,"k":100,"ix":11},"r":{"a":0,"k":0,"ix":10},"p":{"a":0,"k":[74.007,401.55,0],"ix":2},"a":{"a":0,"k":[204.816,498.95,0],"ix":1},"s":{"a":1,"k":[{"i":{"x":[0.361,0.361,0.667],"y":[1,1,1]},"o":{"x":[0.647,0.647,0.333],"y":[0,0,0]},"t":0,"s":[0,0,100]},{"i":{"x":[0.348,0.348,0.667],"y":[1,1,1]},"o":{"x":[0.697,0.697,0.333],"y":[0,0,0]},"t":50,"s":[100,103,100]},{"t":70,"s":[100,100,100]}],"ix":6}},"ao":0,"shapes":[{"ty":"gr","it":[{"ind":0,"ty":"sh","ix":1,"ks":{"a":0,"k":{"i":[[0,0],[0,0],[0,0],[-12.232,0],[0,0],[-1.721,12.11]],"o":[[0,0],[0,0],[1.722,12.11],[0,0],[12.233,0],[0,0]],"v":[[204.566,-249.35],[-204.567,-249.35],[-136.595,228.242],[-112.274,249.35],[112.272,249.35],[136.593,228.242]],"c":true},"ix":2},"nm":"Path 1","mn":"ADBE Vector Shape - Group","hd":false},{"ty":"fl","c":{"a":0,"k":[0.991999966491,0.859000052658,0.626999978458,1],"ix":4},"o":{"a":0,"k":100,"ix":5},"r":1,"bm":0,"nm":"Fill 1","mn":"ADBE Vector Graphic - Fill","hd":false},{"ty":"tr","p":{"a":0,"k":[204.816,249.6],"ix":2},"a":{"a":0,"k":[0,0],"ix":1},"s":{"a":0,"k":[100,100],"ix":3},"r":{"a":0,"k":0,"ix":6},"o":{"a":0,"k":100,"ix":7},"sk":{"a":0,"k":0,"ix":4},"sa":{"a":0,"k":0,"ix":5},"nm":"Transform"}],"nm":"Group 1","np":2,"cix":2,"bm":0,"ix":1,"mn":"ADBE Vector Group","hd":false}],"ip":0,"op":330,"st":0,"bm":0},{"ddd":0,"ind":8,"ty":4,"nm":"Layer 7 Outlines","parent":2,"sr":1,"ks":{"o":{"a":0,"k":100,"ix":11},"r":{"a":0,"k":0,"ix":10},"p":{"a":1,"k":[{"i":{"x":0.295,"y":1},"o":{"x":0.725,"y":0},"t":40,"s":[153.132,-537.917,0],"to":[0,0,0],"ti":[0,0,0]},{"i":{"x":0.295,"y":0.295},"o":{"x":0.167,"y":0.167},"t":100,"s":[153.132,-173.36,0],"to":[0,0,0],"ti":[0,0,0]},{"t":230,"s":[153.132,-173.36,0]}],"ix":2},"a":{"a":0,"k":[125.249,126.167,0],"ix":1},"s":{"a":0,"k":[100,100,100],"ix":6}},"ao":0,"hasMask":true,"masksProperties":[{"inv":false,"mode":"a","pt":{"a":1,"k":[{"i":{"x":0.295,"y":1},"o":{"x":0.725,"y":0},"t":40,"s":[{"i":[[0,0],[0,0],[0,0],[0,0]],"o":[[0,0],[0,0],[0,0],[0,0]],"v":[[748.117,272.128],[-591.883,272.128],[-591.883,1168.128],[748.117,1168.128]],"c":true}]},{"t":100,"s":[{"i":[[0,0],[0,0],[0,0],[0,0]],"o":[[0,0],[0,0],[0,0],[0,0]],"v":[[748.117,-92.473],[-591.883,-92.473],[-591.883,803.527],[748.117,803.527]],"c":true}]}],"ix":1},"o":{"a":0,"k":100,"ix":3},"x":{"a":0,"k":0,"ix":4},"nm":"Mask 1"}],"shapes":[{"ty":"gr","it":[{"ind":0,"ty":"sh","ix":1,"ks":{"a":0,"k":{"i":[[7.106,0],[4.19,11.453],[-0.037,0.097],[0,0],[-6.685,0.145],[0,0],[17.965,-14.964],[0,0],[0,0]],"o":[[-7.483,0],[-0.035,-0.097],[0,0],[2.433,-6.229],[0,0],[15.903,-0.852],[0,0],[0,0],[-2.737,7.019]],"v":[[-105.388,125.917],[-124.963,109.71],[-124.962,109.401],[-38.504,-111.905],[-23.443,-122.432],[98.152,-125.065],[107.034,-89.697],[-10.354,-87.155],[-88.826,114.604]],"c":true},"ix":2},"nm":"Path 1","mn":"ADBE Vector Shape - Group","hd":false},{"ty":"fl","c":{"a":0,"k":[0.795999983245,0.902000038297,0.808000033509,1],"ix":4},"o":{"a":0,"k":100,"ix":5},"r":1,"bm":0,"nm":"Fill 1","mn":"ADBE Vector Graphic - Fill","hd":false},{"ty":"tr","p":{"a":0,"k":[125.249,126.167],"ix":2},"a":{"a":0,"k":[0,0],"ix":1},"s":{"a":0,"k":[100,100],"ix":3},"r":{"a":0,"k":0,"ix":6},"o":{"a":0,"k":100,"ix":7},"sk":{"a":0,"k":0,"ix":4},"sa":{"a":0,"k":0,"ix":5},"nm":"Transform"}],"nm":"Group 1","np":2,"cix":2,"bm":0,"ix":1,"mn":"ADBE Vector Group","hd":false}],"ip":0,"op":330,"st":0,"bm":0}],"markers":[]}